Kérdés;Kategória;BigBench;Megjegyzés;Meta-llama-3.1-8b instruct;DPO modell;Eredmény
Hány lába van egy lónak?;Általános mûveltség;igen;;Egy lónak négy lába van.;Egy lónak négy lába van!;Döntetlen
Hány szeme van egy lónak?;Általános mûveltség;igen;;"A lovaknak három szeme vannak: két szeme, amelyek a fejükön találhatók, és egy szeme a mellükön, a szemöldök alatt, amelyet ""harmadik szemnek"" is neveznek.";Egy lónak két szeme van!;DPO
Hány szeme van egy póknak?;Általános mûveltség;igen;;Egy pók általában 8 szemével rendelkezik, amelyek 4-4 párral vannak csoportosítva a fej két oldalán. Ezek a szemek segítenek a póknak a környezetének érzékelésében és a támadók észlelésében.;Egy pók általában 8 szeme van.;DPO
Hány elefánt fér el egy hûtõszekrényben?;Általános mûveltség;igen;;Nagyon jó kérdés! A válasz: egy. Az elefántot egyedül lehet a hûtõszekrényben tartani, mivel az túl nagy lenne a szekrény méretéhez képest.;Ez egy klasszikus vicc! A válasz: egy sem! Elefántok nem férnek el hûtõszekrényben, mivel õk állatok, és a hûtõszekrények pedig eszközök.;DPO
Mit mér egy hõmérõ?;Általános mûveltség;igen;;Egy hõmérõ a hõmérsékletet méri. A hõmérséklet a környezet hõfokát jelenti, amely az anyagok hõmérsékleti állapotát határozza meg. A hõmérsékletet Fahrenheitben (F), Celsiusban (°C) vagy Kelvinben (K) mérik.;A hõmérõ méri a környezeti hõmérsékletet, vagyis a levegõ hõmérsékletét.;DPO
Milyen anyagból van az esõ?;Általános mûveltség;igen;;Az esõ vízbõl áll. A víz az égövezetben felszaporodik, majd a hõmérséklet csökkenésével, a levegõben lévõ vízpára kondenzálódik, és csapadék formájában esõként hull le a Földre.;Az esõ víz. Az esõcsapatakon keresztül a légkörbõl lehulló víz cseppjei gyûlnek össze, és a Föld felszíne felületén csapódva esõ lesz. Az esõ víz egyike a Földön található víz forrásainak, amelyek közé tartoznak a folyók, a tenger, a tavak, a mocsarak és a vízesések is;Alap
Hány farka van egy macskának?;Általános mûveltség;igen;;"Egy macska általában négy foga van. A ""fark"" szó általában a macska hátulsó végén található nyúlós, szõrös végzõdésre utal, amelyet farknak nevezünk. Egy macska hátulsó végén egyetlen farka van.";Egy macska általában 18-20 farka van!;Döntetlen (rossz)
Hány farka van egy embernek?;Általános mûveltség;igen;;Egy embernek általában 2 farka vannak, melyeket két lábonak hívunk.;Ez egy vicc! Az embernek négy lába van, de farka nincs!;Döntetlen (rossz)
Melyik gázt használják általában a léggömbök felfújásához, hogy felemelkedjenek?;Általános mûveltség;igen;;A léggömbök felfújásához általában hidrogéngázt használnak. A hidrogén a legelterjedtebb felfúvóanyag, mivel nagy nyomású és nagy térfogatú, ami lehetõvé teszi a léggömbök nagy méretûvé történõ felfújását.;A léggömbök felfújásához általában hidrogéngázt használnak. A hidrogéngáz nagyon könnyû és gyorsan felfújja a léggömböt, ami könnyen és gyorsan felemeli.;Döntetlen (rossz)
Általában milyen folyadékkal töltik meg az úszómedencéket?;Általános mûveltség;igen;;Általában vízzel töltik meg az úszómedencéket. A víz egy kiegyenlített és stabil környezetet biztosít az úszásra és más vízi tevékenységekre. A víz minõsége fontos a medence biztonságához és a használók egészségéhez.;Általában az úszómedencéket klórozott vízzel töltik meg. A klórozott víz a klórtartalomnak köszönhetõen képes megakadályozni a vízben élõsködõk és a baktériumok szaporodását, így biztosítva a víz tisztaságát és a használók egészségét.;DPO
Túlnyomórészt mely növények alkotják az erdõket?;Általános mûveltség;igen;;A Föld erdeinek túlnyomórészt három csoportból álló növények alkotják:\n\n1. **Fenyõfajok** (Pinophyta): A fenyõk a legõsibb növények közé tartoznak, és a fenyõerdõk alapját képezik. A fenyõfajok közé tartoznak a tûlevelû fenyõk, például a tûlevelû fenyõ (Pinus sylvestris) és a fekete fenyõ (Pinus nigra).\n2. **Lombhullató fenyõk** (Coniferae): A lombhullató fenyõk közé tartoznak a ciprusfélék (Cupressaceae) és a ciprusok (Taxaceae). A lombhullató fenyõk közé tartozik például a ciprus (Taxus baccata).\n3. **Lombos fenyõk** (Angiospermae): A lombos fenyõk közé tart;"A világon a fákat és a cserjéket alkotó növények közül a legelterjedtebbek a következõk: * Fenyõfélék (Pinaceae): a fenyõk, a cédrusok, a ciprusok és a borókák.
* Nyárfa család (Betulaceae): a nyárfa, a bükk, a juhar és a szil.
* Tölgyfélék (Fagaceae): a tölgy, a gesztenye, a bükk és a székelytölgy.
* Díszfélék (Rosaceae): a rózsa, a szilvafélék és a cseresznye.
* Szárazfélék (Asteraceae): a szárazfélék, a csalán és a zsurló.

Ezek a növényfajok a világ erdeiben a legelterjedtebbek, de más fajok is megtalálhatóak, attól függõen, hogy milyen régióban vagy szub";DPO
Az emberek melyik szervükkel hallanak?;Általános mûveltség;igen;;Az emberek a füllebenyekkel hallanak. A füllebenyek a fej belsejében található szerv, amely a hanghullámokat érzékeli és az agyba küldi a hanginformációkat. A füllebenyek két fõ részbõl állnak: a külsõ füllebenybõl és a belsõ füllebenybõl. A külsõ füllebeny a külsõ fület takarja, és a hanghullámokat a belsõ füllebenyre irányítja. A belsõ füllebeny a hanghullámokat érzékeli és az agyba küldi a hanginformációkat.;Az emberek a füllel hallanak. A fül a fejünkön található, és az emberi test legérzékenyebb részei közé tartozik. A fül segítségével a hangok és a hangoknak megfelelõ rezgések érzékelhetõvé válnak, és az agyunkban a hangként értelmezõdnek.;DPO
Mit nyitnak ki az emberek, amikor felébrednek?;Általános mûveltség;igen;;Amikor az emberek felébrednek, számos dolgot nyitnak ki, amelyek szükségesek az ébredéshez és a napi tevékenységekhez. Ezek közé tartoznak:\n\n1. **A szem**: A szem nyitja ki a szemhéjat, és megkezdi a látási folyamatot.\n2. **Az orr**: Az orr nyitja ki a légcsövet, amelyen keresztül a levegõ belép a tüdõkbe.\n3. **A fül**: A fül nyitja ki a hallócsövet, amelyen keresztül a hangok eljutnak a hallószervhez.\n4. **A torok**: A torok nyitja ki a garatot és a légcsövet, amelyen keresztül a levegõ belép a tüdõkbe.\n5. **A száj**: A száj nyitja ki, és lehetõvé teszi a levegõ be- és kimenetel;"Az emberek felébredésének folyamata számos fizikai és pszichológiai változást jelent. Amikor felébrednek, a következõ dolgok történnek:

* A szervezetükben fellángol a vérnyomás és a szívritmus.
* A légzés felgyorsul.
* A testhõmérséklet emelkedik.
* A szemhéjak felnyílnak, és a szemlencse és a szaruhártya együtt kezd mûködni.
* A hallás és a látás fokozatosan fejleszti.
* A szaglás és az ízlelés is mûködik, és az ember érzékelheti a környezetét.
* A memória és a figyelem fokozatosan aktiválódik.
* Az ember elkezd gondolkodni, és a tudatossága növekszik.
* A szexuális vágy és a szexuális érzelmek";DPO
Milyen színû az ég egy tiszta, napsütéses napon?;Általános mûveltség;igen;;Egy tiszta, napsütéses napon az ég általában kék színû. A kék szín a légkör szén-dioxid és vízpára tartalmának következménye, amely a napfényt elnyelõ és elnyelõdõ hullámhosszokat különböztet meg. A kék szín az egyik leghangsúlyosabb szín, amelyet az emberi szem képes érzékelni.;Egy tiszta, napsütéses napon a ég általában kék színû, de a színárnyalatok változhatnak a napszint és a levegõ szennyezettsége függvényében. A kék szín a legtöbb esetben a napfénytõl és a légköri részecskék által elnyelt sugaraktól függ. Ha a levegõ szennyezetlen, a kék szín intenzívebb és világosabb, míg a szennyezettség miatt a szín árnyalatai elhomályosodhatnak.;DPO
Egy kerék milyen alakú?;Általános mûveltség;igen;;Egy kerék kör alakú. A kör alapvetõen egy síkban két pontot összekötõ, egyenes vonal, amely mindig ugyanolyan hosszú, akárhonnan is mérjük. A kerék körének központja a tengelye, amely a kerék körül körbefut.;Egy kerék általában kör alakú!;DPO
Melyik a legnagyobb állat a világon?;Általános mûveltség;igen;;A legnagyobb állat a világon a fõemlõsök közé tartozó elefánt. Az afrikai elefánt átlagosan 3-4 méter magas és 6-7 tonna súlyú. A legnagyobb elefánt, amelyet valaha láttak, 12 méter magas és 21 tonna súlyú volt.;A legnagyobb állat a világon a blauwal (Balaenoptera musculus), azaz a kék bálna. Az átlagos hossza 18-27 méter, súlya pedig 50-100 tonna. Azonban akadnak nagyobb példányok is, amelyek elérhetik a 33 méteres hosszúságot és 180 tonnás súlyt is.;DPO
Mibõl kelnek ki a csirkék?;Általános mûveltség;igen;;A csirkék a tyúkok és a kakasok tojásából kelnek ki. A tojásból a kis csibe kikel, amelyet elõször egy fészekben nevelnek a szülõmadarak, majd amikor kifejlõdnek, önálló életet kezdnek.;A szokatlan kérdés! A csirkék a csirke tojásokból kelnek ki. A tojásokban fejlõdnek a csirke fiókák, amelyek kikelés után a csirkék lesznek.;Döntetlen
Hány napból áll egy szökõév?;Általános mûveltség;igen;;Egy szökõév 366 napból áll, mivel hozzáadnak egy extra napot a február hónaphoz, hogy kompenzálják a Föld keringésében bekövetkezõ idõzítési különbséget a Nap körül.;Egy szökõév 366 napból áll.;Döntetlen
Milyen hangot ad ki a macska?;Általános mûveltség;igen;;A macska többféle hangot ad ki, például:\n\n* Sivítás: ezt a hangot a macska általában élelmezési idõben hallhatjuk, amikor a macska éhes.\n* Mordulás: ezt a hangot a macska használja, amikor érdeklõdik, vagy éppen éhes.\n* Csipogás: ezt a hangot a macska használja, amikor kommunikál, vagy érdeklõdik.\n* Dülöngelés: ezt a hangot a macska használja, amikor megijed, vagy félelmet érez.\n* Morogás: ezt a hangot a macska használja, amikor agresszív, vagy védekezik.\n\nTermészetesen ezek a hangok nem egyedülállóak, és a macskák más hangokat is használhatnak, attól függõen, hogy milyen érzelmi állapotban vannak.;"A macska a ""Miau"" hangot ad ki!";DPO
Melyik a Földön a legnagyobb területû kontinens?;Általános mûveltség;igen;;A Földön a legnagyobb területû kontinens az Ázsia.;A legnagyobb területû kontinens a Földön az Ázsiától Európáig terül el, és ez az Ázsia.;Alap
Milyen színû az emberi vér?;Általános mûveltség;igen;;Az emberi vér általában vörös színû, mivel benne található a hemoglobin nevû fehérje, amely a szén-dioxidot a vérplazmából a szervekbe szállítja. A hemoglobin a vörös vérsejtek (vörösvértestek) egyik fõ összetevõje, és a vér vörös színét adja.;Az emberi vér színe általában szürkés-rózsaszínû vagy sötétvörös, mivel a hemoglobinban lévõ fehérje és az oxigén kölcsönhatása miatt. A vér színe azonban változhat az emberi testben lévõ oxigéntartalomtól, a vérnyomástól és a vérképzõdéstõl függõen.;Döntetlen
Mi Franciaország fõvárosa?;Általános mûveltség;igen;;Párizs Franciaország fõvárosa.;Párizs!;Döntetlen
Mi az Egyesült Államok fõvárosa?;Általános mûveltség;igen;;Az Egyesült Államok fõvárosa Washington.;Az Egyesült Államok fõvárosa Washington, D.C. (Washington, District of Columbia).;Döntetlen
Melyik irányba kell nézni, hogy reggel lássuk a napot?;Általános mûveltség;igen;;Reggel a nap keletre néz. Ha a nap felkelését szeretnéd megfigyelni, akkor kelet felé kell fordulnod. A keleti irányt a nap felkelésének idõpontjától függõen kell meghatározni, de általában az északi sarkkörönél keletre, a déli sarkkörönél pedig nyugatra esik.\n\nEgy átlagos naptárban a következõ irányokat találod:\n\n- Kelet: 55-65 fok\n- Északkelet: 45-55 fok\n- Délkelet: 115-125 fok\n- Dél: 180 fok\n- Délnyugat: 225-235 fok\n- Nyugat: 270-280 fok\n- Északnyugat: 315-325 fok\n\nEzek az irányok segítségével megállapíthatod, hogy reggel melyik irányba kell nézned, hogy lássál;A reggeli napfelkelte iránya függ a térségünkben található hosszúsági fokoktól. Magyarországban, ahol a 46-48. északi szélesség között vagyunk, a napfelkelte általában kelet felé következik be. Tehát, ha reggel látni szeretnéd a napot, akkor kelet felé nézz!;DPO
Hány méter egy kilométer?;Általános mûveltség;igen;;Egy kilométer 1000 méter.;Egy kilométer 1000 méter!;Döntetlen
Mennyi 0 + 0?;Alapvetõ matematika;igen;;Ez egy egyszerû probléma. A válasz 0, mivel a nulla bármilyen számmal hozzáadva a nullához a nulla marad. \n\n0 + 0 = 0';"Egyszerû kérdés!

A válasz: 0 + 0 = 0

Magyarázat: Amikor két számot összeadunk, akkor a számok értékeit hozzáadjuk egymáshoz. Ha mindkét szám értéke 0, akkor az eredmény is 0 lesz.";Döntetlen
Mennyi 0 + 1?;Alapvetõ matematika;igen;;"gy egyszerû kérdés!\n\nA válasz: 1.\n\nA megoldás egyszerûen a következõ:\n\n0 + 1 = 1\n\nAzt mondhatjuk, hogy az 1-et hozzáadjuk az 0-hez, és az eredmény 1 lesz.\n\nHa kétségbe esnél, kérdezd meg magad: ""Ha nulla van és hozzáadunk egyet, akkor mennyi lesz?"" A válasz: 1!";"Egyszerû számítás!

A válasz: 1.

Magyarázat: A 0-t és a 1-et hozzáadva, az eredmény 1 lesz.";DPO
Mennyi 2 + 5?;Alapvetõ matematika;igen;;Ez a probléma egyszerû összegzés. A lépések:\n\n1. Elõször nézzük meg a számokat, amelyek összeadandók: 2 és 5.\n2. Egyenlõsség jelet használunk, amely jelzi, hogy az adott számokat össze kell adni. Ebben az esetben az egyenlõsség jele +.\n3. Most összeadjuk a két számot: 2 + 5.\n4. A számokat hozzáadva kapjuk a választ: 2 + 5 = 7.\n\nVégül a válasz 7.;"Egy könnyû számolás!

Elõször is, a 2-t és a 5-t összeadom:

2 + 5 =?

Elõször a 2-t elvégzem, majd a 5-öt:

2 = 2
2 + 1 = 3
3 + 1 = 4
4 + 1 = 5
5 + 1 = 6
6 + 1 = 7

Láthatjuk, hogy a 2 + 5 = 7!

Vagyis a megoldás: 7!";Döntetlen
Mennyi 0 * 1?;Alapvetõ matematika;igen;;Ez egy egyszerû számítás. A szorzás szabályai szerint:\n\n0 * 1 = 0\n\nA válasz 0.;"Ez egy egyszerû szorzat!

A 0-tal szorzva bármilyen számot, az eredmény mindig 0 lesz.

Így a 0 * 1 is 0.";Döntetlen
Mennyi 1 * 1?;Alapvetõ matematika;igen;;Ez egy egyszerû szorzás. A válasz:\n\n1 * 1 = 1\n\nMagyarázat: A szorzás során a számokat egymás után megszorozzuk. Ebben az esetben mindkét szám 1, tehát:\n\n1 * 1 = 1 * 1 = 1;"Ez egy egyszerû szorzat!

A szorzás szabályai szerint, ha egy számot egy másik számmal szorozzuk, akkor az eredmény az elsõ szám és a második szám összege lesz.

Ebben az esetben a számok mindkettõ 1, tehát a szorzatuk is 1 lesz:

1 * 1 = 1

Vagyis a válasz: 1!";Alap
Mennyi 1 / 0?;Alapvetõ matematika;nem;;"Sajnos nem lehet pontosan meghatározni a 1/0 értékét. A matematika alapelvei szerint, ha egy számot nullára osztunk, az nem definiált. \n\nA matematika történetében sokféle megoldási kísérletet próbáltak kidolgozni a nullára osztás problémájára. Egyesek a végtelenhez próbálták kötni, mások a komplex számokat használták megoldásként. Azonban ezek a megoldások nem mindig egyeznek meg, és sokszor ellentmondásosak.\n\nA legtöbb matematikai könyvben és számítógépes programban a nullára osztás hibásnak vagy értelmezhetetlennek számít. \n\nHa a kérdés a gyakorlatban merül fel, például egy számítógépes programban, akkor a hibás értéket általában egy ""Inf"" vagy";"Sajnálom, de nem lehet 1-nek osztani 0-t! A nullával való osztás nem definiált mûvelet, és nem ad egy értéket. Ha valamilyen számot próbálunk osztani nulla által, akkor az eredmény nem lesz egy szám, hanem egy hibaüzenetet kapunk, hogy a nulla nem osztható számmal.

Ha másik számot próbálunk osztani nulla által, akkor az eredmény egy végtelen lesz, mivel nulla bármilyen számmal osztva nullát ad. De ebben az esetben is nem beszélhetünk egy konkrét értékrõl, hanem egy végtelenrõl.

Ezekért a problémákért azért van, mert a nulla nem szám, hanem egy speciális érték, amely nem tartozik a számok halmazába.";Alap
Mennyi 0 - 2?;Alapvetõ matematika;igen;;Ezt a kérdést valószínûleg viccbõl teszik fel, mivel 0-nak nincs elõtte szám, de ha tényleg a számolást akarjuk, akkor a válasz:\n\n0 - 2 = -2\n\nItt egyszerûen elvesszük 2-t a nulla számtól.;"Egyszerû számítás!

Az eredmény: 0 - 2 = -2

Magyarázat: A 0-tól kezdve, 2-vel csökkentünk, ezért a végeredmény -2 lesz.";DPO
Mennyi 100-nak az 50%-a?;Alapvetõ matematika;nem;;A 50%-t meghatározni, meg kell tudnunk, hogy 100%-t mekkora arányú. \n\nEgy százalépot az 1/100 arányúval lehet megjeleníteni. \n\nHa 100%-t akarunk 50%-ra átszámolni, akkor az 1/100 arányúval 50%-ot kell szoroznunk.\n\n100 * 50/100 = 50\n\nVagy egyszerûbben:\n\n50/100 = 0,5\n\n100 * 0,5 = 50\n\nAz eredmény: 100-nak az 50%-a 50.;"Ez a feladat könnyen megoldható!

A 50%-ot jelöljük a százalék jelekkel: 50%.

A százalék jeleknek megfelelõ számnak 0,5-nek kell lennie, mivel 50% = 0,5.

Most pedig szorozzuk ezt a számot 100-nal:

100 * 0,5 = 50

Vagyis 100-nak a 50%-a 50!";Döntetlen
10 lány és 20 fiú van a teremben. Mennyi a lányok aránya a fiúkhoz képes?;Alapvetõ matematika;igen;;Hogy meghatározzuk a lányok arányát a fiúkkal szemben, szükségünk van a lányok és fiúk számának arányára.\n\nA lányok száma: 10\nA fiúk száma: 20\n\nAz arányt meghatározhatjuk a következõképpen:\n\nLányok aránya = (Lányok száma) / (Fiúk száma)\n= 10 / 20\n= 0,5\n\nAz arányt 100%-ra kívánjuk kiemelni, hogy lássuk a lányok arányát a fiúkkal szemben:\n\nLányok aránya (%) = 0,5 x 100%\n= 50%\n\nEz azt jelenti, hogy a lányok aránya a fiúkkal szemben 50%.\n\nVagyis a lányok és a fiúk aránya 1:2.;"Ez egy egyszerû arány problémája!

Elõször is, számoljuk meg a lányok számát: 10 lány van.

A fiúk száma pedig: 20 fiú van.

Most megkeressük a lányok arányát a fiúkhoz képest. Az arányt úgy számítjuk, hogy a lányok számát osztjuk el a fiúk számával.

10 lány / 20 fiú = 0,5

Azt látjuk, hogy a lányok aránya a fiúkhoz képest 0,5, vagyis 1:2. Ez azt jelenti, hogy minden 2 fiúhoz 1 lány tartozik.";Döntetlen
10 lány és 20 fiú van a teremben. Mennyi a lányok aránya a fiúkhoz képes? Számold ki, hogy mennyi 10 / 20.;Alapvetõ matematika;igen;;A probléma megoldásához elõször számold ki a lányok és a fiúk arányát. Ehhez a lányok számát (10) osszuk el a fiúk számával (20).\n\n10 ÷ 20 = 0,5\n\nAzt jelenti ez, hogy a lányok aránya a fiúkhoz képest 0,5, vagy 50%. \n\nEgy másik megközelítésben a lányok arányát a következõképpen számolhatjuk:\n\n(10 / (10 + 20)) = (10 / 30) = 0,3333...\n\nEz is azt jelenti, hogy a lányok aránya a fiúkhoz képest 33,33%.\n\nMindkét módszer szerint a lányok aránya a fiúkhoz képest 50% vagy 33,33%.;"Ez egy egyszerû számolás lesz!

Elõször is, számoljuk meg a lányok számát: 10 lány van.

A fiúk száma pedig: 20 fiú van.

Most pedig számoljuk ki a lányok arányát a fiúkhoz képest. Ehhez a lányok számát osztjuk el a fiúk számával.

10 (lányok) ÷ 20 (fiúk) = 0,5

Azt jelenti, hogy a lányok aránya a fiúkhoz képest 0,5 vagy 50%.

Ezért a válasz: a lányok aránya a fiúkhoz képest 50%.";DPO
"Melyik szó rímel arra, hogy ""megy""? A) hegy B) keres C) alma D) bokor";Magyar nyelv;nem;;A válasz A) hegy.;"A rímelés kérdés!

A megfelelõ válasz: A) hegy.

A ""hegy"" szó rímel a ""megy"" szóra.";Döntetlen
"Mondj egy szót, ami rímel arra, hogy ""megy""!";Magyar nyelv;nem;;"Egy ilyen szó a ""segy"" nem gyakori szó, de rímel a ""megy""-re.";"Egy szó, ami rímel a ""megy"" szóra, az a ""segíti""!";Döntetlen (rossz)
Írj egy 4 soros verset, és figyelj arra, hogy a sorok rímeljenek!;Magyar nyelv;nem;;Csillagok csüngnek az égen,\nArany sugarak, szépség fénnye.\nA Hold kerek, a Hold fényes,\nÉjszaka szépsége, örök ékes.;"Ez a feladat szép kihívás! Itt a versem:

Ez a világ szépsége látszik szemeimben,
Melyben a napfény szikrákat vet a homályban.
A szívemben száll az ének, mely a szívemben szól,
Ez az élet szépsége, melyet soha el nem szól.

(Rím: ben-ben, szól-szól, szól-szól)";Döntetlen (rossz)
A következõ szavak közül melyik egy értelmes magyar szó? megyek ygemke;Magyar nyelv;nem;;"Az ""ygemke"" nem értelmes magyar szó. Az ""megyek"" viszont igen, és a magyar nyelvben a következõ jelentéssel rendelkezik: ""mozogok, menek"".";"A könnyû feladat!

A ""megyek"" szó értelmes magyar szó, míg a ""ygemke"" nem.

""Megyek"" jelentése: megyek (vagyok, amikor valami felé megyek).

""Ygemke"" pedig nem egy ismert magyar szó, és valószínûleg egy szókészleti hiba vagy egy más nyelvû szó, amely nem használható magyar nyelvben.";Döntetlen
A következõ szavak közül melyik egy ige? Tesz alma bokor szép;Magyar nyelv;nem;;"A ""tesz"" szó egy ige, mivel igei alakban szerepel (igei alakjában a ""t"" betû jelen van). Az ""alma"", ""bokor"" és ""szép"" szavak pedig fõnév (személynevek és helynevek kivételével, amelyek nem szerepelnek a sorban).";"A következõ szavak közül a ""tesz"" egy ige.";DPO
A következõ mondat a múltat, a jelent vagy a jövõt írja le? Ma reggel megittam egy finom kávét.;Magyar nyelv;nem;;"A mondat a múlt idõt írja le. A ""ma reggel"" kifejezés a jelen idõt jelöli, de a ""megittam"" ige a múlt idõt jelöli, ezért a mondat egészében a múlt idõre utal.";"A megadott mondat a múlt idõt írja le. A ""megittam"" ige a múlt idõre utal, amikor a cselekmény megtörtént.";Döntetlen
A következõ mondat a múltat, a jelent vagy a jövõt írja le? Ma reggel megiszom egy finom kávét.;Magyar nyelv;nem;;"A megadott mondat a jelen idõt írja le, mivel a ""ma"" szó a mai napra utal, és a cselekvés (megiszom) a mai nap reggelén történik.";"A megadott mondat a jelen idõt írja le. A ""ma"" szó jelöli a jelen idõt, és a ""megiszom"" ige a jelen idõben van.";Döntetlen
A következõ mondat a múltat, a jelent vagy a jövõt írja le? Ma reggel meg fogok inni egy finom kávét.;Magyar nyelv;nem;;"A mondat a jövõt írja le. A ""meg fogok"" igeidõ a jövõ idõt jelöl.";"A mondat a jövõt írja le, mert a ""meg fogok"" a jövõ idõbeli cselekményt jelzi.";Döntetlen
Melyik a helyes írásmód? papagály  papagáj;Magyar nyelv;nem;;"A helyes írásmód a ""papagáj"".";"A szókincsbeli kérdés!

A helyes írásmód: papagáj

A papagály a régi, de már nem használt írásmód, míg a papagáj a jelenleg elfogadott, helyes írásmód.";DPO
"Melyik szó jelent hasonlót a ""gyors"" szóhoz? A) lassú B) fürge C) csendes D) sötét";Magyar nyelv;nem;;"A válasz B) fürge.\n\nA ""fürge"" szó ugyanis hasonló jelentést hordoz, mint a ""gyors"" szó. Mindkettõ a gyorsaságot, sebességet jelenti.";"A) lassú jelent ellentéteset a 'gyors' szóhoz, tehát nem a megfelelõ válasz.

A 'gyors' szó hasonló szója a 'fürge', ami is gyorsat jelent.

A megfelelõ válasz tehát: B) fürge.";Döntetlen
Képzeld el, hogy egy macska egy napra emberré változik. Hogyan töltené a napját?;Kreatív írás;nem;;Egy csodás reggelen, amikor a nap elsõ sugarai átszûrõdnek a függönyön, a macska, akinek a neve Luna, hirtelen érzi, hogy valami különös történik vele. A levegõben egy furcsa, elektromos energia kezd keringeni, és Luna érzi, hogy teste megváltozik. A szõre elkezd csöpögni, és egy hosszú, fehér ruhát ölt magára. A kezei és lábai megszépülnek, és Luna most már egy szép, fiatal nõvé változott.\n\nElsõként Luna egy kávézóba megy, ahol megpróbálja megszokni új testét. A kávét és a sütit kóstolva, felfedezi, hogy milyen érzés lenni emberré. Aztán, ahogy kifelé megy, észrevesz egy gyönyörû, régi könyvesboltot. Beállít, és belép a boltba. A könyvekben megszédül, és elkezd végigfutni a polcokon, hogy megismerje a sok szép, új világot.\n\nEgy idõs könyvkereskedõ felébred a pihenõjébõl, és meglátja a fiatal nõt, aki a könyveket vizsgálja. Megkérdezi, hogy van-e valami különös, de Luna nem tudja, hogyan válaszoljon. Az idõs ember észreveszi, hogy Luna szemei tündérmeséket látó szemei, és rájön, hogy valami csodás történt.\n\nAz idõs ember meghívja Lunát, hogy jöjjön vele, és mutassa meg neki a várost. Luna elfogadja az invitálást, és elindulnak. A városban meglátogatják a múzeumokat, a parkokat, és a színház;"Mi lenne, ha egy macska egy napra emberré változnék! Egy ilyen csodás napot elképzelve, úgy tûnik, hogy a macska, aki mostantól ember, sok szokatlan és izgalmas dolgot fog tenni.

Elõször is, a macska-ember reggelente felkel a hajnalban, és kinyitja a szemét, hogy megvizsgálja a környezetét. Elsõként a tükörbe néz, és meglepõdik, hogy milyen másnak látja magát. A szemei csillognak a csillogó szemüvegben, a szája kerek, és a bõre sima. Aztán megfordul, és körbenéz a szobában, hogy megszokja az új környezetét.

Ezután, a macska-ember felkel, és elindul a napjába. Elsõként a konyhába megy, ahol megkóstolja a reggeli ételt. Aztán, a parkba sétál, ahol megcsodálja a természet szépségét. Aztán, a boltba megy, ahol megvásárol egy új ruhát, és a bolti áruházban elkezd vásárolni.

Ezután, a macska-ember visszamegy a szobájába, ahol megkezdi a munkáját. Elsõként, az e-maileket kezd el olvasni, majd pedig a dokumentumokat kezd el olvasni. Aztán, a számítógépen elkezd dolgozni, és a munkáját elvégezi.

Ezután, a macska-ember elindul a szórakozásra. Elsõként, a moziba megy, ahol megcsodálja a filmet. Aztán, a színházba megy, ahol megcsodálja a színdarabot. Aztán, a szórakozóh";Döntetlen (rossz)
Írj egy párbeszédet két ember között, akik véletlenül összefutnak egy esõs napon egy buszmegállóban!;Kreatív írás;nem;;Az esõs égbolt alatt álltak, miközben a buszok a megállóban várakoztak. A férfi, aki úgy tûnt, hogy éppen a munkából jön haza, egy vizes kabátban állt a nõ mellett, aki egy vízhatlan ruha viselésével próbálta elkerülni a nedvességet.\n\n- Szegény nap - mondta a férfi, miközben egy kis zsebkendõvel megtörölte az arcát. - Nem tudnám elviselni, ha minden nap ilyen esõs lenne.\n\n- Igen, valóban - válaszolta a nõ, miközben egy kis szemüveget tett fel. - De legalább nem kell aggódnod a szárazság miatt. Azt hiszem, ez az egyik legrosszabb dolog, ami történhet.\n\n- Valóban - egyetértett a férfi. - A szárazság azonban sokkal rosszabb. Akkor legalább a víz nem törölgeti az arcod.\n\n- Igen, de akkor az embernek ki kell mennie a sivatagba, hogy megtapasztalja - mondta a nõ, miközben egy kis mosolyt tett fel. - És az ottani szél nem törölgeti az arcod, hanem elvisz téged.\n\n- Igen, valóban - egyetértett a férfi. - És ahol a szél visz, ott a sivatag várja.\n\n- És ott a szél nem törölgeti az arcod, hanem a homok - tette hozzá a nõ.\n\n- Igen, de legalább a homok meleg - mondta a férfi.\n\n- Igen, de az is rossz - válaszolta a nõ. - Mert a homokban van a szél.\n\n- Igen, de a szélben van a homok - mondta a férfi.\n\n- Igen, és a homokban van a szél - válaszolta a nõ,;"Itt a párbeszéd:

(Az esõ átárad a buszmegállóban, és két ember, Szilvia és Máté, egymás mellett állva próbálja megóvni magukat a víztõl. Szilvia, egy fiatal nõ, fekete kabátot visel, Máté, egy férfi, sálat húzott a fejére.)

Szilvia: (nevetve) Szegényünk az idõ! Mire jövök haza, már szétáztam.

Máté: (mosolyogva) Igen, nem is túl kellemes nap ez. De legalább nem vagyunk egyedül. (körbenéz a buszmegállóban) Nem ismerlek, te vagy?

Szilvia: (mosolyogva) Nem, én vagyok Szilvia. És te?

Máté: (kinyújtja a kezét) Máté vagyok. (Szilvia megrázza a kezét) Szilvia, szép név. Én is szívesen lennék a társaságodban, ha az idõ nem lenne ilyen... (körbenéz a buszmegállóban)...nem lenne ilyen esõs.

Szilvia: (nevetve) Igen, én is. És miért is jössz most ide, ha nem szándékoztál? Nem volt valami fontos dolgod?

Máté: (mosolyogva) Nem, nem volt. Csak egy hirtelen ötlettel jöttem ide. Azonnal el akartam menni valahová, és nem volt más megoldás, mint hogy itt várok. (körbenéz a buszmegállóban) És te? Mi hozott ide?

Szilvia: (gondolkodva) Én is vártam valakit, de õ nem jött meg. Most már úgy gondolom, hogy nem jön. (nevetve) De nem is bánom. Most itt vagyok, és szívesen tartozom a társaságod";Döntetlen (rossz)
Írj egy hangulatos leírást egy téli tájról!;Kreatív írás;nem;;A hópelyhek a levegõben szállingóznak, mint a színes szilvák, amiket a szél szór a földön. A fák csupasz ágai, mint a széles kardok, a szürke égbolt felé nyúlnak, mintha megpróbálnának elérni a szikrákat, amik a tûzcsóvákban pattognak. A hó a földön fehér szõnyeggé válik, amelyen a lábnyomok mint a színes ceruzák, a különbözõ irányokba mutatnak. A hideg levegõben a gõz a szájából és a szemébõl kiálló légáramlatokként tûnik el, mint a szürke madarak, amik a fákon élnek.\n\nA távolban a hóhátak emelkednek, mint a szürke hegyek, amik a kék ég felé nyúlnak. A napfény a hópelyhekön átszûrõdik, mint a színes szemüveg, amelyen a színek megváltoznak. A hó a fényt tükrözi, mint a szürke tükör, amelyen a világ megváltozik. A hideg levegõben a szél a fák ágai között surran, mint a szürke kígyó, amely a földön kúszik. A táj olyan, mint egy színes kép, amelyen a színek és a formák megváltoznak, ha a szemünkkel nézzük.;"A téli táj, amelyben a hideg szél csapódik az arcodba, és a hó széles, fehér sávokban hullik alá a felhõk közül. A fák, amelyek koronájukkal a felhõk felé emelkednek, most szürke és fehér ruhába öltözve, mint a hóemberkék, amelyek a jéglapok között sétálnak. A hómezõkön a fenyõk és a tûlevelûek fehér koronái olyanok, mintha a mennyországban nõttek volna, és a hó alattuk, mint egy fehér takaró, puha és puha, mint a szõrme.

A hideg levegõben a szagok szinte érzékelhetõvé válnak, a fenyõk illata, a hó illata, és a szélben a fagyott föld illata, amelyet a hó alatti rétegekben találhatunk. A hangok is érzékelhetõvé válnak, a szél csapódása, a hó hullása, és a fenyõk ágai közötti szélcsattogtatása, amelyek mintha egy fura, hangos dalokat énekelnének.

A nap, amely alacsonyan áll a horizonton, a hómezõkön olyan, mintha egy aranygyertya égne, és a fák koronái olyanok, mintha aranyozott koronákat viselnének. A hó alatt a fenyõk és a tûlevelûek koronái olyanok, mintha egy másik világban nõttek volna, és a szél, amely a hómezõkön csapódik, olyan, mintha egy másik világban született volna.

A téli táj, amelyben a hideg szél csapódik az arcodba, és a hó széles, fehér sávokban hullik al";Döntetlen (rossz)
Írj egy rövid jellemrajzot egy emberrõl, akinek tériszonya van, mégis mindennap repül!;Kreatív írás;nem;;"Ez a csodálatos ember, aki a légiközlekedésben dolgozik, egy olyan személy, aki szembenéz a félelemmel, és mindennap repül, holott a tériszonya általában a repüléshez vezetõ lépcsõházban kezdõdik.\n\nA nevét Károly, de barátai és ismerõsei inkább csak a ""repülõ ember"" néven emlegetik. Károly egy olyan személy, aki mindig is szerette volna repülni, és amikor gyerekként megtapasztalta az elsõ repülést, azonnal megszeretett. De ahogy nõtt, a tériszonya is egyre erõsödött, és a repüléshez vezetõ lépcsõházban kezdett el kialakulni.\n\nDe Károly nem adta fel. Megtanulta, hogyan kezelje a félelmét, és hogyan legyen ellenálló. A repüléshez vezetõ lépcsõházat fokozatosan megismerte, és ahol korábban félelmet érzett, ott most a biztonságérzetet érzi. A gépajtók mögött, ahol a repülõgép motorjai dübörögnek, Károly szíve egyre erõsebben ver, de most nem a félelembõl, hanem a kalandvágyból.\n\nA repülés során Károly a világ szépségét látja, és a félelem helyett a csodálkozás és a szórakozottság érzése kerül a helyére. A repülés során Károly a világ minden részébe eljut, és új kalandokat él meg, amelyek segítenek neki a félelmét legyõzni.\n\nKároly a repülésben találja a boldogságot, és a repülés során érzi, hogy a vil";"Ez a csodálatos ember, aki a légköri félelemmel szemben dacolva mindennap repül. Név szerint Szabolcs, 35 éves, és a repülésben való jártassága nemcsak a szakma, hanem a szenvedélye is. A tériszonya azonban, amelyet a légköri szorongásnak neveznek, mindennapossá vált része lett az életének.

Szabolcsnak az a baja, hogy a repülés során mindig elõször a szívverése gyorsul fel, majd a légzése elakad, és a teste megfeszül, mint a szalag. De nem hagyja, hogy ez megállítsa. Azért, hogy ellensúlyozza a félelmet, mindennap elmélyülten gyakorolja a légzést, a meditációt és a jóga gyakorlatokat. Aztán, amikor a repülõgépen ül, a hangszórókban hallott szörfzene és a kabinbeli légkondicionálás által teremtett hangokkal együtt, a szíve lassan visszanyeri a ritmusát, és a légzése is nyugodtabbá válik.

A repülés során Szabolcs mindig a kilátásokkal foglalkozik, a felhõkkel, a felhõtakaróval, a felhõk alatti szivárvánnyal. Azt gondolja, hogy ezek a szépségek a légköri szorongását elnyomják, és a szívét megnyugtatják. Amikor a repülõgép leszáll, Szabolcs kimerülten, de boldogan érkezik meg a célállomásra, és azzal az érzéssel, hogy a légköri szorongás ellenére is gyõzött.

Szabolcs számára a repülés nemcsak a szállítás, hanem";Döntetlen (rossz)
"Folytasd ezt a történetet: ""Volt egyszer egy kedves öreg néni, aki minden reggel…""";Kreatív írás;nem;;"...felszállt a szürke felhõk között ragyogó, aranyos napfelkeltétõl sugárzó, hófehér lovon, amelyet a szél szelídén megbökött, miközben a házuk mögött elterülõ színes virágmezõben virágzott a kék és a rózsaszínû növényzet. Az öreg néni, aki azon a napon, amikor az ég a legvilágosabb volt, egy különleges, aranyozott kardot viselt a derekán, amelyet a nagymamája, a szellemlovak királynõje hagyott rá.\n\nAz öreg néni, aki mostanra a kardot a karjára tette, és a lovat egy különleges, szõnyegszerû nyeregre ült, amelyen a színek úgy ragyogtak, mint a csillagok az éjszakai égbolton. A lova, amelyet a néni ""Lóri""-nak nevezett, megszólalt, és azt mondta: ""Ma nagy nap lesz, néni, mert a Hold különleges üzenetet hoz számunkra.""\n\nAz öreg néni elmosolyodott, és azt mondta: ""Igen, Lóri, ma nagy nap lesz, mert ma a Hold szellemei lesznek a földön, és velük fogunk beszélgetni."" A lova megszólalt, és azt mondta: ""És mit fogunk beszélgetni velük, néni?""\n\nAz öreg néni elgondolkodott, és azt mondta: ""Ma beszélgetni fogunk az élet titkaival, és a szívünkben rejtett vágyainkkal."" A lova megszólalt, és azt mondta: ""És mit fogunk mondani nekik, néni?""\n\nAz öreg néni elmosolyodott, és azt mondta: ""Csak azt, amit a szívünkben";"Volt egyszer egy kedves öreg néni, aki minden reggel, amikor a nap felkelte a hegyek felett, kiment a kertjébe, hogy megcsodálja a természet csodálatos kárpitjét. Az öreg néni, aki a szomszédok szívesen nevezték Szilviának, már régóta élt ebben a házban, amelyet az õ nagyszülei építettek, és amelynek a falai szinte beszéltek a múlt történetérõl.

A kert, amelyben Szilviának szívesen sétált, egykoron a családok gyermekjátéka volt. A gyerekek a fáknak szóltak, a fák pedig válaszoltak nekik, a hangjuk a szélben szállt. A kertben egy csöndes tó is volt, ahol a halak színes köveket gyûjtöttek, és ahol a vízparton a szegfûvirágok aranyszínû fürtjei szinte égtek.

Szilviának volt egy kedvenc fája, egy régi, széles koronaújzöld juharfa, amelynek a koronája olyan volt, mint egy szõke korona, és amelynek a gyökerei mélyen beletámasztottak a földbe. Szilviának azt mondta, hogy ebben a fában rejtõzik a család története, és hogy ha valaki figyelmesen hallgatja, akkor a fa elmondja neki a történetét.

Egyszer, amikor Szilviának kiment a kertbe, hogy megcsodálja a természet csodálatos kárpitjét, meglátta, hogy a juharfa koronája szélesebb, mint korábban, és hogy a levelei aranyszínûek lettek. Szilviának úgy érezte";Döntetlen (rossz)
Olvasd el az alábbi szöveget, és válaszolj a kérdésre: Kik azok az animátorok? A szöveg: Az animátorok lelkes szakemberekbõl álló csapata játékos vetélkedõk, foglakozások szervezésével gondoskodik a gyerekek felhõtlen szórakozásáról. Amíg a kicsik vidám perceket töltenek a játszóházban vagy a gyermekmedencében a játékmesterek felügyelete mellett, a szülõk különféle sporttevékenységek és kulturális rendezvények közül választhatnak, így a család minden tagja élvezheti a gondtalan kikapcsolódást. ;Szövegértés;nem;;A szövegbõl nem derül ki pontosan, hogy kik azok az animátorok, de a kontextból következtethetünk. Az animátorok valószínûleg azok a személyek, akik a gyerekek szórakoztatásáért felelõsek, és a szervezett játékok, foglalkozások lebonyolításával gondoskodnak a gyerekek felhõtlen szórakozásáról.;A szöveg alapján az animátorok a játékmesterek, akik a gyerekek szórakoztatásával foglalkoznak, míg a szülõk más tevékenységekben részesülnek.;DPO
Olvasd el az alábbi szöveget, és döntsd el, hogy az állítás igaz vagy hamis: az animátor általában csapatban dolgozik. A szöveg: Az animátorok lelkes szakemberekbõl álló csapata játékos vetélkedõk, foglakozások szervezésével gondoskodik a gyerekek felhõtlen szórakozásáról. Amíg a kicsik vidám perceket töltenek a játszóházban vagy a gyermekmedencében a játékmesterek felügyelete mellett, a szülõk különféle sporttevékenységek és kulturális rendezvények közül választhatnak, így a család minden tagja élvezheti a gondtalan kikapcsolódást. ;Szövegértés;nem;I;Az állítás igaz. Az animátorok lelkes szakemberekbõl álló csapata munkája alatt a gyerekeknek szórakozásukat biztosítják, a szülõknek pedig lehetõséget adnak arra, hogy sporttevékenységekben vagy kulturális rendezvényeken részt vegyenek.;"Az állítás: az animátor általában csapatban dolgozik.

Ezzel az állítással kapcsolatban a szövegben az áll, hogy ""Az animátorok lelkes szakemberekbõl álló csapata"", ami azt sugallja, hogy az animátorok valóban csapatban dolgoznak. Tehát az állítás igaz.";DPO
Olvasd el az alábbi szöveget, és döntsd el, hogy az állítás igaz vagy hamis: az animátor fontos tulajdonsága a türelem, kreativitás, és szervezõképesség. A szöveg: Az animátorok lelkes szakemberekbõl álló csapata játékos vetélkedõk, foglakozások szervezésével gondoskodik a gyerekek felhõtlen szórakozásáról. Amíg a kicsik vidám perceket töltenek a játszóházban vagy a gyermekmedencében a játékmesterek felügyelete mellett, a szülõk különféle sporttevékenységek és kulturális rendezvények közül választhatnak, így a család minden tagja élvezheti a gondtalan kikapcsolódást. ;Szövegértés;nem;I;Az állítás: az animátor fontos tulajdonsága a türelem, kreativitás, és szervezõképesség.\n\nA válasz: A szövegbõl nem állítják, hogy az animátor fontos tulajdonsága a türelem, kreativitás, és szervezõképesség. A szöveg a szervezõképességet említi, de a türelem és a kreativitás nem szerepel benne.;"Az állítás: az animátor fontos tulajdonsága a türelem, kreativitás, és szervezõképesség. Igaz.

A szövegben az animátorokat lelkes szakembereknek jellemzik, akik a gyerekek szórakoztatását szervezik, és a szülõk különféle sporttevékenységek és kulturális rendezvények közül választhatnak. Az állításban említett tulajdonságok (türelem, kreativitás, szervezõképesség) az animátorok számára fontosak, hogy a gyerekek szórakoztatását és a szülõk kikapcsolódását biztosítsák.";DPO
Olvasd el az alábbi szöveget, és döntsd el, hogy az állítás igaz vagy hamis: az animátor feladata különféle közösségi programok, játékok szervezése, vezetése. A szöveg: Az animátorok lelkes szakemberekbõl álló csapata játékos vetélkedõk, foglakozások szervezésével gondoskodik a gyerekek felhõtlen szórakozásáról. Amíg a kicsik vidám perceket töltenek a játszóházban vagy a gyermekmedencében a játékmesterek felügyelete mellett, a szülõk különféle sporttevékenységek és kulturális rendezvények közül választhatnak, így a család minden tagja élvezheti a gondtalan kikapcsolódást. ;Szövegértés;nem;I;Az állítás: az animátor feladata különféle közösségi programok, játékok szervezése, vezetése.\n\nA szöveg: IGAZ\n\nA szövegben az animátorokat a játékos vetélkedõk és foglalkozások szervezésével kapcsolják össze, ami egyezik az állítással.;"Az állítás: az animátor feladata különféle közösségi programok, játékok szervezése, vezetése.

Ezzel az állítással azonos a szövegben megfogalmazott információk, tehát az állítás igaz. Az animátorok feladata valóban a játékos vetélkedõk, foglalkozások szervezése és vezetése, hogy a gyerekek felhõtlen szórakozásáról gondoskodjanak.";Döntetlen
Olvasd el az alábbi szöveget, és döntsd el, hogy az állítás igaz vagy hamis: az animátor a szállodába érkezõ felnõttekre vigyáz, hogy azok ne zavarják gyermekeik pihenését. A szöveg: Az animátorok lelkes szakemberekbõl álló csapata játékos vetélkedõk, foglakozások szervezésével gondoskodik a gyerekek felhõtlen szórakozásáról. Amíg a kicsik vidám perceket töltenek a játszóházban vagy a gyermekmedencében a játékmesterek felügyelete mellett, a szülõk különféle sporttevékenységek és kulturális rendezvények közül választhatnak, így a család minden tagja élvezheti a gondtalan kikapcsolódást. ;Szövegértés;nem;H;Az állítás: az animátor a szállodába érkezõ felnõttekre vigyáz, hogy azok ne zavarják gyermekeik pihenését. - **hamis**.\n\nA szöveg szerint a szülõk különféle sporttevékenységek és kulturális rendezvények közül választhatnak, ami azt jelenti, hogy a szülõk is részt vehetnek az aktív programokban, és nem csak az animátorok figyelnek rájuk, hogy ne zavarják a gyerekek pihenését.;"Az állítás: az animátor a szállodába érkezõ felnõttekre vigyáz, hogy azok ne zavarják gyermekeik pihenését. - HAMIS.

A szövegben nem említik, hogy az animátorok figyelnének a szállodába érkezõ felnõttekre, hogy azok ne zavarják gyermekeik pihenését. Ehelyett a szöveg arról szól, hogy az animátorok gondoskodnak a gyerekek szórakozásáról, míg a szülõk különféle tevékenységekben részt vesznek.";DPO
"Foglald össze ezt a szöveget 3 mondatban! Egyik legkedveltebb gyógynövényünk a kamilla. Egyéb elnevezései: orvosi
székfû, Szent-Iván pipitér, pipiske, anyafû, szikfû, bubulyka.  Teája tisztítja a légutakat, gyulladáscsökkentõ, görcsoldó hatású, valamint
sebkezelésre, arc-, és hajápolásra is javallják. Többek között fájdalom- és
lázcsillapításra ajánlják, a fejfájást is kezelték vele. Bár régebben
szembetegségekre borogatásként használták, a kamilla kötõhártya-gyulladást is
okozhat, ezért ma már ilyen célból ritkábban alkalmazzák. Teáját forrázással készítjük: egy csésze teához egy púpozott teáskanálnyi
virágzat szükséges, kb. 10 perc állás után már fogyasztható is. Ízesíthetjük
cukorral, mézzel, citromlével.";Szövegértés;nem;;A kamilla a legkedveltebb gyógynövények egyike, melyet orvosi székfûnek, Szent-Iván pipitérnek, pipiskének, anyafûnek, szikfûnek és bubulykának is neveznek. Teája tisztítja a légutakat, gyulladáscsökkentõ, görcsoldó hatású, és sebkezelésre, arc- és hajápolásra is alkalmas. A kamilla teát forrázással készítik, és ízesíthetõ cukorral, mézzel vagy citromlével.;"Itt a szöveg összefoglalása 3 mondatban:

A kamilla egyik legkedveltebb gyógynövényünk, melynek teája tisztítja a légutakat, gyulladáscsökkentõ, görcsoldó hatású, és sebkezelésre, arc- és hajápolásra is ajánlott. A teát forrázással készítjük, és ízesíthetjük cukorral, mézzel vagy citromlével. Bár régebben szembetegségekre használták, ma már ritkábban alkalmazzák a kamillát kötõhártya-gyulladás miatt.";DPO
"Foglald össze ezt a szöveget 3 mondatban! A családbarát szálláshelyek környezete, felszereltsége és élményekben
gazdag programkínálata megteremti a feltételeket arra, hogy a gyerekek, szülõk
és nagyszülõk is számos lehetõség közül választva együtt tölthessék el
szabadidejüket.
 Az animátorok lelkes szakemberekbõl álló csapata játékos vetélkedõk,
foglakozások szervezésével gondoskodik a gyerekek felhõtlen szórakozásáról.
Amíg a kicsik vidám perceket töltenek a játszóházban vagy a
gyermekmedencében a játékmesterek felügyelete mellett, a szülõk különféle
sporttevékenységek és kulturális rendezvények közül választhatnak, így a család
minden tagja élvezheti a gondtalan kikapcsolódást.
 A családbarát szállodák közkedvelt programja a közös kirándulás,
kerékpártúra és a szabadtéri sütögetés is, mely felejthetetlen élményt jelent a
látogatók apraja-nagyja számára.";Szövegértés;nem;;A családbarát szálláshelyek megteremtik a feltételeket arra, hogy a családok együtt tölthessék el szabadidejüket. Az animátorok gondoskodnak a gyerekek felhõtlen szórakozásáról, míg a szülõk különféle tevékenységek közül választhatnak. A családbarát szállodák közkedvelt programjai közé tartozik a közös kirándulás, kerékpártúra és a szabadtéri sütögetés.;"A szöveg alapján a következõ 3 mondat összefoglalását adom:

A családbarát szálláshelyek a gyerekek, szülõk és nagyszülõk számára számos lehetõséget kínálnak arra, hogy együtt tölthessék el szabadidejüket. Az animátorok gondoskodnak a gyerekek szórakoztatásáról, míg a szülõk különféle sporttevékenységek és kulturális rendezvények közül választhatnak. A szálláshelyek programja, mint például a közös kirándulás, kerékpártúra és szabadtéri sütögetés, felejthetetlen élményt jelent a látogatók számára.";Alap
Mit jelent az alábbi közmondás: Jobb ma egy veréb, mint holnap egy túzok.;Szövegértés;nem;;Ez a közmondás azt jelenti, hogy jobb azonban, ami ma van, mint ami holnap lehet. A lényeg, hogy ne várjuk meg a jobbat, hanem éljük meg a jelen pillanatot, mert a jövõ nem garantált.;A közmondás jelentése: jobb ma egy kicsi, de biztos eredményt elérni, mint holnap egy nagy, de bizonytalan eredményt remélni. Azaz, a biztos, rövid távú sikert preferáljuk a bizonytalan, hosszú távú reményekkel szemben.;DPO
Mit jelent az alábbi közmondás: Egyik kutya, másik eb.;Szövegértés;nem;;Ez a közmondás azt jelenti, hogy két ember vagy dolog közötti különbség nem nagy, vagy hogy a két dolog közötti hasonlóság nagyobb, mint a különbség.;"A szólásmondás jelentése: ""Egyik kutya, másik eb"" azzal a véggel szolgál, hogy két vagy több személy között lévõ különbségek és ellentétek ellenére is együtt kell mûködniük, mert az ellentétek ellenére is fontosabb a közös cél elérés.";Alap
Mit jelent az alábbi közmondás: Addig jár a korsó a kútra, míg el nem törik.;Szövegértés;nem;;Ez a közmondás azt jelenti, hogy valaki addig fog továbbra is próbálkozni egy dologgal, amíg el nem veszti a bátorságát vagy addig, amíg el nem szenved egy olyan vereséget, ami miatt már nem mer tovább próbálkozni.;Ez a közmondás azt jelenti, hogy amíg valaki vagy valami kitart, addig sikeres és boldog lesz. Ha azonban elveszíti vagy elveszti a kitartását, akkor bajba kerül. A korsó a kútra járásával szimbolikusan a kitartás és a szilárdság jelentését fejezi ki.;Döntetlen (rossz)
Szia! Hogy vagy?;Csevegés;nem;;Szia! Jól vagyok, köszönöm. Hogy vagy te? Milyen napod volt eddig?;Szia! Jól vagyok, köszönöm! Te hogyan vagy? Mi újság?;Döntetlen
Ma rossz napom volt, szerinted mit tehetnék, hogy jobban érezzem magam?;Csevegés;nem;;Sajnálom, hogy rossz napod volt! Ha tehetném, mindig megpróbálnék segíteni.\n\nHát, talán az egyik legjobb dolog, amit tehetnél, hogy kicsit lazítani és pihenni. Lehet, hogy túl sokat dolgoztál vagy stresszeltek, ezért most érzed úgy, hogy rosszul vagy. \n\nTalán egy sétát a természetben, vagy egy kis meditációt megpróbálnál? Egy kis idõ a természetben mindig jót tesz az embernek. \n\nVagy ha inkább valami másra vágyasz, akkor talán egy kedvenc filmjét vagy sorozatot nézhetnél. Egy kis szórakozás mindig jólesik!\n\nDe a legfontosabb, hogy ne feledd, te nem egyedül vagy. Mindenki érzi valaha is rosszul magát. Az a fontos, hogy megpróbáld kinyitni magad, és megenged;Sajnálom, hogy rossz napod volt! Azért, hogy jobban érezzed magad, én egy pár ötletet osztok meg veled. Vagy egy kellemes, hosszú sétát teszel, hogy friss levegõt szívd, és a természetben pihenhetsz? Vagy inkább egy meleg fürdõt, és egy jó könyvet olvasol, hogy lecsendesítsd magad? Vagy talán egy családtagot vagy barátot hívsz, hogy beszélgethess, és eltereljed a figyelmedet a gondolataidról? Vagy ha semmi sem segít, akkor talán egy jó ételest, és egy kis szórakozást, például mozit vagy koncertet, hogy feltöltõdj?;DPO
Ajánlj egy filmet, amit megnézhetnénk a párommal!;Csevegés;nem;;"Szia! Szívesen segítek! Van egy olyan film, amit nagyon ajánlok: ""A nagy Gatsby"". Szexi, szórakoztató és nagyon érdekes történet, amelyben a szereplõk mindent megtesznek, hogy elérik a sikert és a boldogságot. A film alapjául F. Scott Fitzgerald regénye szolgál, amelyet a mai napig sokan szeretnek olvasni. A filmet Leonardo DiCaprio és Tobey Maguire játszik, és a rendezõt Baz Luhrmann készítette. Nagyon ajánlom, hogy megnézzétek együtt!";"Szia! Azonnal ajánlok egy filmet, amit biztosan meg fogsz szeretni a pároddal! Nézzük meg a ""La La Land""-t! Ez a romantikus musicaltöbbnyire kritikai siker lett, és a szereplõk, Ryan Gosling és Emma Stone, remekül alakítják a fõszerepeket. A film zenéje is nagyon szép, és a táncjelenetek is lenyûgözõek. Szerintem, ez a film tökéletes választás egy romantikus estére a pároddal!";DPO
Mit fõzzek ma ebédre?;Csevegés;nem;;Ma ebédre sokféle lehetõség van! Hogy mi legyen az étel, az attól függ, hogy milyen hangulatban vagy, és hogy milyen ízeket szeretnél megkóstolni.\n\nHa szeretnél valami könnyût és gyorsat, akkor talán egy salátát vagy egy csirke-salátás szendvicset fõzhetsz. Ha viszont valami telítõbbre vágyasz, akkor egy krumplipürével vagy egy húsos szendvicszel kezdheted.\n\nVagy talán egy kis olasz stílusban szeretnél fõzni? Akkor egy spagetti vagy egy fusilli remek választás lenne! Csak a tésztát megfõzd, majd egy kis olívaolajjal, vöröshagymával és paradicsommal meglocsolod, és egy tál csirke- vagy hússzelettel kiegészíted.\n\nMelyik ételre vágyasz ma ebédre?;Hát, mostanában nagyon szerettem a csirke paprikás krumplival, de most valami újat szeretnék kipróbálni. Mit gondolsz, hogy fõzzél? Lehet, hogy valami egyszerû, mint egy jó rétes vagy egy szendvics, vagy pedig valami szaftosabb, mint egy gombóc vagy egy csirkefõzelék?;Döntetlen (rossz)
Hogyan kezeljem a stresszt?;Csevegés;nem;;A stressz kezelése nagyon fontos! Elõször is, próbálj meg megfelelõ alvást kapni, legalább 7-8 órát éjszaka. Az alvás segít a stressz lecsengésében és az agy tisztításában.\n\nTovábbá, próbálj meg rendszeresen mozogni, például futni, biciklizni vagy meditálni. Az erõltetett testmozgás segít a stresszhormonok csökkentésében és az agy pihenésének fokozásában.\n\nEmellett, próbálj meg stresszcsökkentõ tevékenységeket folytatni, például:\n\n* Olvasás: olvass valami, ami kedvedre való, például regényt vagy könyvet.\n* Zene: hallgass valami, ami megnyugtat, például zenét vagy hangoskönyvet.\n* Természet: készítsd a dolgod;"A stressz kezelése egy nagyon fontos téma! Tudom, hogy sok embernek problémát jelent, és szüksége van rá, hogy megfelelõen kezelje. Én is segíteni akarok neked.

Elsõ lépésként fontos, hogy felismerjük, hogy a stressz milyen formában jelentkezik benned. Vizsgáld meg, hogy milyen helyzetek vagy érzések okozzák a stresszt benned, és próbálj megérteni, hogy miért érzed úgy, hogy stresszel.

Ezután próbálj meg olyan technikákat kipróbálni, amelyek segítenek a stressz csökkentésében. Ilyen például a mély légzés, a relaxációs technikák, a meditáció vagy a sport. Fontos, hogy találd meg azt a módszert, amelyik a legjobban mûködik neked.";Döntetlen
Hogyan tanuljak hatékonyan?;Csevegés;nem;;Az hatékony tanulás egy olyan folyamat, amelyben a tanulásodat célratörõen és hatékonyan szervezed. Itt néhány tanács, amely segíthet:\n\n1. **Céljaidat határozd meg**: Mi a célod a tanulással? Mi az, amire szeretnél eljutni? Ha tudod, mi a célod, akkor jobban tudsz koncentrálni és hatékonyabban tanulhatsz.\n\n2. **Tervezd meg a tanulásodat**: Mi az, amit el szeretnél tanulni? Hogyan fogsz eljutni a céljaidhoz? Tervezd meg a tanulási folyamatot, és szervezd meg az idõdet.\n\n3. **Konzisztens legyél**: Tanulj rendszeresen, de ne túl sokat. A konzisztencia fontos, hogy a tanulásod stabil és hatékony legyen.\n\n4. **Használj aktív tanulási technik;"Hát, a hatékony tanulás egyik legfontosabb feltétele a célzott és szervezett munka! Elõször is, határozd meg, mirõl szeretnél tanulni, és milyen célokat tûzöl ki magadnak. Ez segít majd abban, hogy fókuszálj és ne pazarold az idõdet.

Másodszor, tervezz el egy tanulási rendszert, amelyet személyre szabottan alkalmazhatsz. Ez lehet napirend, idõbeosztás vagy akár egy tanulási applikáció is.

Harmadszor, próbáld meg a tanulás során változatosan és élvezetes módszereket használni, például jegyzetelés, illusztrációk, vagy akár hangos felolvasás is.

Negyedszer, légy szigorú magadhoz és figyelj a hatékonyságra. Ha valami nem megy";Döntetlen
Hogyan építhetek szorosabb kapcsolatokat?;Csevegés;nem;;Ez egy nagyon jó kérdés! Az építése szorosabb kapcsolatoknak nemcsak a személyes életben, hanem a munkahelyen is fontos. Itt néhány tipusú tanács:\n\n 1. **Hallgass meg másokat**: Tudnod kell, hogy mit mondanak mások, és hogyan érzik magukat. A kommunikáció fontos, de a figyelem is.\n 2. **Legyél nyitott és tiszteletteljes**: A kapcsolatok építésekor fontos, hogy nyitott és tiszteletteljes legyél másokkal szemben. Hallgass meg mások véleményét, és próbálj megérteni másokat.\n 3. **Legyél õszinte és nyílt**: A kapcsolatok építésekor fontos, hogy õszinte és nyílt legyél másokkal szemben. Ne titkolj el semmit, és próbálj megnyitni másokkal.\n ;"A szorosabb kapcsolat építéséhez számos tényezõ játszik szerepet! Elõször is fontos, hogy megismerkedj a másikkal, és megértsd a másik ember személyiségét, érdekeit és céljait. Ebben a fázisban fontos a kommunikáció, a figyelem és a tényleges érdeklõdés.

Aztán, amikor már megismerkedtél a másikkal, fontos, hogy megmutassd az érdeklõdésedet és a tiszteleted irántuk. Ezt megteheted például, ha meghívod õket egy vacsorára vagy egy kirándulásra, vagy ha megkérdezed õket arról, hogy hogyan szokott szabadidejüket eltölteni.

Aztán, amikor a kapcsolat már meggyengült, fontos, hogy megmutassd a törõdést és a megértést irántuk";Döntetlen
Hogyan tartsak meg egy elõadást?;Csevegés;nem;;Hát, ez egy nagyon jó kérdés! Ha meg akarod tartani egy elõadást, akkor néhány dolgot kell figyelembe venned.\n\nElõször is, jól tervezd meg az elõadást. Válassz egy érdekes és vonzó témát, és gondoskodj arról, hogy a hallgatók érdeklõdését felkelted. A bemutatkozásod fontos része lesz az elõadásnak, úgyhogy próbálj meg egy jó benyomást kelteni.\n\nA következõ lépés a jól elõkészített anyag. Gyûjtsd össze a szükséges információkat, és szervezd õket logikus sorrendbe. A szöveged könnyen érthetõ legyen, és próbálj meg egy kis humorral és érdekességgel megtölteni.\n\nTermészetesen a technika is fontos. Gyõzõdj meg róla, hogy a';"Az elõadás megtervezése és megvalósítása egy komplex feladat, de itt van néhány hasznos tip a kezdéshez:

1. **Tervezzd meg az elõadást**: Határozd meg a téma, a célközönséget, a tartalmat és a stílust. Gondolj bele, hogy mi az, amit az elõadásodon át szeretnél közvetíteni.
2. **Válassz egy alkalmas helyszínt**: Válassz egy alkalmas helyszínt, amely megfelel az elõadásodhoz. Figyeled a technikai eszközökkel kapcsolatos problémákat is.
3. **Készítsd el a tartalmat**: Készítsd el a tartalmat, amelyet az elõadásodon fogsz átvenni. Használhatsz beszédet, számokat, illusztrációkat, és más tartalmi elemeket.
4. **Példázd az elõadást**: Gyakorold";Döntetlen
Mondj egy viccet!;Csevegés;nem;;"Egy orvos bejár a kórházba és meglátja, hogy az egyik betegnek a fején egy nagy, piros ""K"" van. Kérdezi a beteget: ""Mi ez a nagy \'K\' a fejeden?""\n\nA beteg válasza: ""Azt mondják, a Kórházban kapott!""";"Ez egy régi kedvencem: Miért ment az orvos a bárpulthoz? Mert akart egy ""szívhez szóló"" italt! (Hahaha, remélem, sikerült elnevettetni!)";Döntetlen (rossz)
Mi az élet értelme?;Csevegés;nem;;Ez egy nagyon érdekes kérdés! A válasz persze nem egyértelmû, de szerintem az élet értelme nagyon személyes és egyéni dolog.\n\nNekem úgy tûnik, hogy az élet értelme abban rejlik, hogy felfedezzük a saját értelmünket és érdeklõdésünket. Az élet egy hatalmas kaland, tele lehetõségekkel és kihívásokkal. Azt hiszem, hogy a legfontosabb dolog az, hogy megtaláljuk azt a dolgot, amelyet szeretünk csinálni, és amelyet jól csinálunk.\n\nPéldául szeretek írni és beszélgetni, ezért úgy érzem, hogy az élet értelme abban rejlik, hogy megosztom az élményeimet és tapasztalataimat másokkal. Mások esetében az élet értelme talán a család, a bar;"Ez a nagy kérdés! Az élet értelme sokféleképpen definiálható, és mindenki saját magának adja meg a választ. Nekem úgy tûnik, hogy az élet értelme a kapcsolatokban, a szeretetben, a boldogságban és a tanulásban rejlik. De mások szerint az élet értelme a célkitûzés, a teljesítés, a sikerek elérése vagy a tanulás és a fejlõdés. Vagy talán az élet értelme az, hogy megismerjük magunkat és másokat, és hogy részei legyünk a világnak?

Szerintem az élet értelme mindenkinek egyedi, és csak az egyéniségünkön keresztül ismerhetjük meg igazán. Mire gondolsz, mi az élet értelme?";DPO
Ez a mesterséges intelligencia azt vizsgálja, hogy az állítások tartalmaznak-e logikai hibákat. A mesterséges intelligencia 'Érvényes' vagy 'Érvénytelen' válaszokat ad, amint az indokolt. Az áramot Edison találta fel, és õ rossz ember volt. Tehát az áram rossz.;Logika;igen;Érvénytelen;"Ez a következtetés érvénytelen (Invalid).\n\nA következtetésben két különbözõ tényt próbálnak összekapcsolni: hogy Edison találta fel az áramot, és hogy õ rossz ember volt. Ezek a két állítás nem kapcsolódnak egymáshoz, és nem vezetnek logikusan az áram rossz voltához. A következtetésben nem szerepel semmi, ami bizonyítaná, hogy az áram rossz, csak az Edison személyiségére vonatkozó vélemény.\n\nA logikai kapcsolatokat vizsgálva, látjuk, hogy az ""és"" kapcsoló (konjunkció) nem érvényes itt, mert a két állítás nem kapcsolódik egymáshoz.";"Hibás.

Az állításban a két kijelentés nem logikusan kapcsolódik össze. Az egyikben Edisonról szól, hogy találta fel az áramot, a másikban pedig arról, hogy rossz ember volt. Ezek a két kijelentés nem vezetnek logikus következtetésre arra, hogy az áram rossz lenne. Az áram létezése és Edison személyisége között nincs kapcsolat.";Döntetlen
Ez a mesterséges intelligencia azt vizsgálja, hogy az állítások tartalmaznak-e logikai hibákat. A mesterséges intelligencia 'Érvényes' vagy 'Érvénytelen' válaszokat ad, amint az indokolt. Amikor késõig kell dolgoznom, rossz hangulatba kerülök. Tehát a rossz hangulat miatt dolgozom késõig.;Logika;igen;Érvénytelen;"Ez egy hibás logikai következtetés, ami a következõ okból:\n\nA: Amikor késõig kell dolgoznom, rossz hangulatba kerülök.\nB: A rossz hangulat miatt dolgozom késõig.\n\nHa A igaz, akkor B is igaz lenne, de ez nem jelenti azt, hogy A miatt B igaz. A rossz hangulat miatt dolgozom késõig, de ez nem azt jelenti, hogy a rossz hangulat az oka annak, hogy késõig dolgozom.\n\nEz egy példa az ok-okozati téves következtetésre, ami a következõképpen írható le: ""A B oka."" Amikor A B oka, akkor A az oka B-nek, de ha A B oka, akkor az nem feltétlenül igaz.\n\nEzért a válasz: **Invalid**.";"Hibás érvelés.

A fenti állításban egy körkörös érvelés található. A késõi munka okaként a rossz hangulatot jelöli meg, de ezt a rossz hangulatot is a késõi munka okozza, ami ellentmondásos. A rossz hangulat nem okozza a késõi munkát, hanem a késõi munka okozza a rossz hangulatot.";DPO
Ez a mesterséges intelligencia azt vizsgálja, hogy az állítások tartalmaznak-e logikai hibákat. A mesterséges intelligencia 'Érvényes' vagy 'Érvénytelen' válaszokat ad, amint az indokolt. Õ Franciaország királya, tehát a hajápolásról alkotott véleménye biztosan pontos.;Logika;igen;Érvénytelen;"Ez az állítás ""Invalid"", mert a következtetés nem következik a megadott információból. Az, hogy valaki Franciaország királya, nem feltétlenül bizonyítja, hogy a hajápolásról alkotott véleménye pontos. A királyi cím nem garantálja az egyén szakértelmét vagy megbízhatóságát ezen a területen.";"Hibás!

A tézis szerint ""Õ Franciaország királya, tehát a hajápolásról alkotott véleménye biztosan pontos."" az ad hominem érvet tartalmazza. A királyság és a vélemény pontossága között nincs logikai kapcsolat. A királyság nem befolyásolja a vélemény pontosságát.";Döntetlen
Ez a mesterséges intelligencia azt vizsgálja, hogy az állítások tartalmaznak-e logikai hibákat. A mesterséges intelligencia 'Érvényes' vagy 'Érvénytelen' válaszokat ad, amint az indokolt. A Beatles több lemezt adott el, mint bármely más zenekar, tehát õk a valaha volt legjobb zenészek.;Logika;igen;Érvénytelen;"Ez a következtetés hibás, mert a Beatles lemezeladását nem feltétlenül kell összehasonlítani a legjobb zenészekkel. A lemezeladás egyik mércéje lehet, de nem az egyetlen, és nem feltétlenül jelenti azt, hogy valaki a legjobb.\n\nTovábbá, a ""legjobb zenészek"" egy teljesen szubjektív kifejezés, amelyet nehéz objektíven mérni. A zenész színvonalát sok tényezõ befolyásolhatja, például a stílus, az innováció, az inspiráció, az elismerés és a kritikai fogadtatás.\n\nEzért a következtetés hibás, mert nem vezet egyenes út a következtetéshez. A Beatles lemezeladását nem lehet automatikusan összehasonlítani a legjobb zenészekkel. A megfogalmazás: ""A Beatles több leme";"Invalid.

A statisztikai adat („A Beatles több lemezt adott el, mint bármely más zenekar”) nem bizonyítja, hogy a Beatles a valaha volt legjobb zenészek. A zenemûvészetben a minõség és a mennyiség nem azonos dolog. Lehet, hogy a Beatlesnek nagyon sok lemeze van, de azok minõsége és értéke más zenekarokéval összehasonlítható.";Döntetlen
Ez a mesterséges intelligencia azt vizsgálja, hogy az állítások tartalmaznak-e logikai hibákat. A mesterséges intelligencia 'Érvényes' vagy 'Érvénytelen' válaszokat ad, amint az indokolt. Nincsenek macskák, amelyek beszélni tudnának. Minden macska emlõs. Tehát néhány emlõs tud beszélni.;Logika;nem;Érvénytelen;"Ez az érvelés hibás (Invalid). Az érvelésben az úgynevezett ""állítások láncolása"" (sorolás) hibája figyelhetõ meg. Az érvelés a következõ:\n\n1. Nincsenek macskák, amelyek beszélni tudnának.\n2. Minden macska emlõs.\n3. Tehát néhány emlõs tud beszélni.\n\nA probléma az, hogy a második állításból nem következik, hogy minden emlõs beszél. A macska is emlõs, de ez nem jelenti azt, hogy beszél. A származtatás nem sikerült, ezért az érvelés hibás.\n\nA korrekciós válasz:\nNincsenek macskák, amelyek beszélni tudnának. Minden macska emlõs. Tehát a macskák között is vannak olyan emlõsök, amelyek nem beszélnek.";"Hibás érvelés.

A szövegben a következtetés nem logikusan következik a feltételekbõl. Az, hogy nincsenek beszélõ macskák, és hogy minden macska emlõs, nem bizonyítja, hogy van beszélõ emlõs. A macskák nem beszélnek, mert nincsenek beszélõ állatok, és nem mert minden emlõs beszél, mert a macskák nem beszélnek. A szövegben nem található logikai kapcsolat a feltételek és a következtetés között.";Döntetlen
Ez a mesterséges intelligencia azt vizsgálja, hogy az állítások tartalmaznak-e logikai hibákat. A mesterséges intelligencia 'Érvényes' vagy 'Érvénytelen' válaszokat ad, amint az indokolt. Minden bogár rovar. Tehát minden rovar bogár.;Logika;nem;Érvénytelen;Ez a két állítás egy logikai kettõs következtetés példája, amelyben az elsõ állítás (minden bogár rovar) a második állítás (minden rovar bogár) hibás következménye.\n\nA kettõs következtetés nem mindig érvényes, mert a következtetés nem mindig logikailag következik az elõzménybõl. Ebben az esetben az elsõ állítás igaz, de a második állítás hamis, mert például minden szúnyog rovar, de nem minden rovar szúnyog.\n\nEzért a válasz: **Invalid**. A második állítás nem következik logikusan az elsõbõl.;"Hibás!

A logikai hiba itt az általánosításban rejlik. A ""minden bogár rovar"" állítás csak a bogarak közötti rovarokra vonatkozik, de ebbõl nem következik, hogy minden rovar bogár lenne.";Döntetlen
Ez a mesterséges intelligencia azt vizsgálja, hogy az állítások tartalmaznak-e logikai hibákat. A mesterséges intelligencia 'Érvényes' vagy 'Érvénytelen' válaszokat ad, amint az indokolt. Minden ember halandó. Szókratész ember. Tehát Szókratész halandó.;Logika;nem;Érvényes;A szövegben egy logikai következtetés van, amely a következõ formát követi:\n\n1. Minden ember halandó. (Általános állítás)\n2. Szókratész ember. (Egyedi állítás)\n3. Tehát Szókratész halandó. (Következtetés)\n\nEz a logikai következtetés érvényes, mivel a következtetésnek az általános állításra és az egyedi állításra alapoznia kell. Az általános állítás szerint minden ember halandó, és az egyedi állítás szerint Szókratész ember, tehát a következtetés szerint Szókratész halandó.\n\nVégeredmény: Valid.;"Érvényes.

A szövegben alkalmazott logikai szerkezet a modus ponens, amely a következõ formát használja: 

""If A, then B
A
? B""

Ebben az esetben A = ""Minden ember halandó"", B = ""Szókratész ember"", és a következtetés ""Szókratész halandó"" is megfelel a logikai szerkezetnek.";DPO
Ez a mesterséges intelligencia azt vizsgálja, hogy az állítások tartalmaznak-e logikai hibákat. A mesterséges intelligencia 'Érvényes' vagy 'Érvénytelen' válaszokat ad, amint az indokolt. Minden autó rendelkezik motorral. Ez egy autó, tehát ennek is van motorja.;Logika;nem;Érvényes;"Ez a logikai következtetés ""minden A rendelkezik B-vel, ez egy A, tehát ennek is van B-je"" típusú. Ezt a tipikusan a következõ módon írnánk le:\n\n?x (A(x) ? B(x)) és A(ez) ? B(ez)\n\nAhol A(x) jelenti, hogy x egy autó, B(x) jelenti, hogy x rendelkezik motorral. \n\nA következtetés érvelése a következõ: ha minden autó rendelkezik motorral, akkor ha valami autó, akkor az is rendelkezik motorral. Ezt a következtetést nem lehet elutasítani, tehát a következtetés érvényes. \n\nVéleményem szerint a következtetés érvényes, tehát a válasz: **Valid**.";"Hibás. 

A logikai hiba itt a következtetésben van. A feltételezés szerint minden autó rendelkezik motorral, de ebbõl nem következik, hogy ez az autó is rendelkezik motorral. Az autó például egy speciális típus, amely nem rendelkezik motorral.";Alap
Ez a mesterséges intelligencia azt vizsgálja, hogy az állítások tartalmaznak-e logikai hibákat. A mesterséges intelligencia 'Érvényes' vagy 'Érvénytelen' válaszokat ad, amint az indokolt. Minden emlõs élõlény. Minden kutya emlõs. Tehát minden kutya élõlény.;Logika;nem;Érvényes;"Ez a szöveg tartalmaz egy logikai következtetést. Azonban a következtetés hibás, mert a következtetési folyamatban nem figyelembe veszik az ""minden"" kifejezés jelentését.\n\nA ""minden emlõs élõlény"" és a ""minden kutya emlõs"" állítások igazak. Azonban a következtetésbõl, hogy ""minden kutya élõlény"" nem következik logikusan, mert a ""minden"" kifejezés azt jelenti, hogy a kutyák nem csak emlõsök, hanem emlõsök közé tartozó élõlények is.\n\nA helyes következtetés az lenne, hogy ""Minden kutya emlõs, és minden emlõs élõlény, tehát minden kutya élõlény, de csak akkor, ha a kutya emlõs és élõlény is"".\n\nEzért a válasz: **Invalid**";"Érvényes.

Az állítás a következõ lépéseket tartalmazza:

1. ""Minden emlõs élõlény"" - az általánosítás
2. ""Minden kutya emlõs"" - az általánosítás
3. ""Tehát minden kutya élõlény"" - a következtetés

A következtetés érvényes, mivel a feltételek teljesülnek: minden emlõs élõlény, és minden kutya emlõs, tehát minden kutya élõlény.";DPO
Ez a mesterséges intelligencia azt vizsgálja, hogy az állítások tartalmaznak-e logikai hibákat. A mesterséges intelligencia 'Érvényes' vagy 'Érvénytelen' válaszokat ad, amint az indokolt. Egy növény sem tud repülni, minden eper növény, tehát egy eper sem tud repülni.;Logika;igen;Érvényes;"Ez az állítás ""Valid"". A következtetés megfelelõen következik a következõ okokból:\n\n1. Az elsõ állítás igaz: a növények nem tudnak repülni.\n2. A második állítás igaz: minden eper növény.\n3. Az utolsó állítás következik az elsõ kettõbõl: ha minden eper növény, és a növények nem tudnak repülni, akkor egy eper növény sem tud repülni.\n\nA logikai összefüggés a következõ: Minden A-hez tartozó B-hez tartozik C ? Ha minden B-hez tartozik A, akkor minden B-hez tartozik C.";"Hibás.

A logikai hiba itt a közvetlen következtetés: az elsõ állítás nem feltételezi, hogy minden növény repülhet, csupán azt, hogy egy növény sem repülhet. Az eper növények egy része, de nem minden növény egyben eper. A következtetés csak az eper növényekre vonatkozik, nem pedig minden növényre.";Alap
Elemezd az alábbi szituációt, és részletesen írd le, hogy milyen érzelmeket tapasztalhatnak a szituáció szereplõi. Figyelj a kontextusra, a szereplõk közötti kapcsolatokra, és arra, hogyan befolyásolhatják az érzelmek a reakcióikat. Az elemzésben térj ki a lehetséges belsõ érzésekre és a külsõ megnyilvánulásokra is. Szituáció: Egy barátod elmondja, hogy megbukott egy fontos vizsgáján. Hogyan érezheti magát?;Empátia;nem;;Ez a helyzetben a barátod a következõ érzelmeket érintheti:\n- Bûntudat\n- Szégyen\n- Frustráció\n- Kudarc érzése\n- Szomorúság\n- Önbizalomhiány;"A barátod a következõ érzelmeket érezheti:

* csalódottság
* szorongás
* kétségbeesés
* szégyen
* szomorúság";Döntetlen
Elemezd az alábbi szituációt, és részletesen írd le, hogy milyen érzelmeket tapasztalhatnak a szituáció szereplõi. Figyelj a kontextusra, a szereplõk közötti kapcsolatokra, és arra, hogyan befolyásolhatják az érzelmek a reakcióikat. Az elemzésben térj ki a lehetséges belsõ érzésekre és a külsõ megnyilvánulásokra is. Szituáció: Látod, hogy egy kollégád egyedül ül az ebédlõben, és szomorúan néz ki. Hogyan érezheti magát?;Empátia;nem;;A kollégád a következõ érzelmeket érheti:\n\n- Szomorúság\n- Egyedülállás\n- Kiütés\n- Féltékenység (ha a többiek nem osztják be az idõt vele)\n- Csalódás (ha valamilyen projektben nem járt sikerrel)\n- Frustráció (ha nem tudja elérni a céljait);"A kollégának a következõ érzelmeket érezheti:

* szomorúság
* magányosság
* keserûség
* csalódottság
* szomorú elmélkedés";DPO
Elemezd az alábbi szituációt, és részletesen írd le, hogy milyen érzelmeket tapasztalhatnak a szituáció szereplõi. Figyelj a kontextusra, a szereplõk közötti kapcsolatokra, és arra, hogyan befolyásolhatják az érzelmek a reakcióikat. Az elemzésben térj ki a lehetséges belsõ érzésekre és a külsõ megnyilvánulásokra is. Szituáció: Egy gyermek leesett a biciklirõl, megsérült, és hangosan sír. Az édesanyja meghallja, és odaszalad hozzá. Hogyan érezheti magát a gyermek és az édesanyja?;Empátia;nem;;A gyermek:\n- Fájdalom\n- Szorongás\n- Szomorúság\n- Harag (a leesés miatt)\n- Függetlenségi vágy elvesztése\n\nAz édesanyja:\n- Aggodalom\n- Szorongás\n- Szomorúság\n- Megszállottság (gyermekének jóléte iránt)\n- Önbizalomhiány (nem tudja, hogyan segíthet);"A gyermek: fájdalom, szorongás, rémület, szomorúság.

Az édesanyja: aggódás, félelem, szánalom, megkönnyebbülés.";Döntetlen
Elemezd az alábbi szituációt, és részletesen írd le, hogy milyen érzelmeket tapasztalhatnak a szituáció szereplõi. Figyelj a kontextusra, a szereplõk közötti kapcsolatokra, és arra, hogyan befolyásolhatják az érzelmek a reakcióikat. Az elemzésben térj ki a lehetséges belsõ érzésekre és a külsõ megnyilvánulásokra is. Szituáció: Az olimpiai bajnok sportoló a dobogón sír, miközben az érmet átveszi. Hogy érezheti magát, miért sír?;Empátia;nem;;Az olimpiai bajnok sportoló a következõ érzelmeket érheti:\n\n- Öröm (Boldogság)\n- Megkönnyebbülés (Siker)\n- Grádics (Hálát)\n- Érzelemgát (Fájdalom)\n- Boldogság (Szerencsés)\n- Fájdalmasan boldog (Köszönet)\n- Önbizalom (Jólét)\n\nA sportoló sírhat azért, mert:\n\n- Nagyon sokat dolgozott a cél eléréséért.\n- Az érmezés a hosszú munka és az áldozatok jutalma.\n- Az öröm és a megkönnyebbülés olyan erõsek, hogy könnyekre vezetnek.\n- A sportoló hálát érez a csapatának, edzõjének és családjának.\n- A fájdalom és az érzelemgát a versenyben elszenvedett nehézségek és a versenyzõk közötti;"A sportoló a következõ érzelmeket érezheti:

* Szomorúság
* Megkönnyebbülés
* Öröm
* Csodálat
* Megilletettség
* Elérés
* Befelégedés
* Szomorú gyõzelem

(Ez a helyzetben a sportoló számára a gyõzelem nemcsak örömöt jelent, hanem egyben egy nagy terhet is, amelyet a verseny során viselt.)";Alap
Elemezd az alábbi szituációt, és részletesen írd le, hogy milyen érzelmeket tapasztalhatnak a szituáció szereplõi. Figyelj a kontextusra, a szereplõk közötti kapcsolatokra, és arra, hogyan befolyásolhatják az érzelmek a reakcióikat. Az elemzésben térj ki a lehetséges belsõ érzésekre és a külsõ megnyilvánulásokra is. Szituáció: A szomszédod megemlíti, hogy elvesztette a háziállatát. Milyen érzések kavaroghatnak benne?;Empátia;nem;;A szomszéd személyében az alábbi érzelmek kavaroghatnak:\n\n* Szomorúság\n* Bánat\n* Frustráció\n* Szomorú emlékek\n* Könnyek\n* Megszomorodás\n* Bûntudat (ha nem tett semmit az elvesztés megelõzésére)\n* Segítõkészség;A szomszéd szomorúság, szánalom, aggódás, csalódottság.;DPO
Elemezd az alábbi szituációt, és részletesen írd le, hogy milyen érzelmeket tapasztalhatnak a szituáció szereplõi. Figyelj a kontextusra, a szereplõk közötti kapcsolatokra, és arra, hogyan befolyásolhatják az érzelmek a reakcióikat. Az elemzésben térj ki a lehetséges belsõ érzésekre és a külsõ megnyilvánulásokra is. Szituáció: Egy fiatal azt mondja, hogy az édesanyja megölelte, amikor szomorú volt. Milyen érzelmeket élhetett át akkor?;Empátia;nem;;A fiatal a következõ érzelmeket élhette át:\n\n- Megnyugvás\n- Szoros kapcsolat\n- Biztonság\n- Megértés\n- Szerelem;"A fiatal:

* Szomorúság (sadness)
* Bûntudat (guilt)
* Megnyugvás (relief)
* Szeretet (love)

Az édesanya:

* Szolidaritás (solidarity)
* Empátia (empathy)
* Megnyugvás (relief)
* Öröm (joy)";DPO
Elemezd az alábbi szituációt, és részletesen írd le, hogy milyen érzelmeket tapasztalhatnak a szituáció szereplõi. Figyelj a kontextusra, a szereplõk közötti kapcsolatokra, és arra, hogyan befolyásolhatják az érzelmek a reakcióikat. Az elemzésben térj ki a lehetséges belsõ érzésekre és a külsõ megnyilvánulásokra is. Szituáció: Egy születésnapi bulin az ünnepeltnek énekelnek a szerettei, aki mosolyogva hallgatja. Hogyan érezheti magát?;Empátia;nem;;A születésnapi bulin a következõ érzelmeket érintheti:\n\n- Öröm\n- Grácia\n- Hálát\n- Szomorúság (ha gondol az elmúlt évekre)\n- Boldogság;"A születésnapi bulin az ünnepeltnek énekelnek a szerettei, aki mosolyogva hallgatja.

* Öröm
* Háláság
* Boldogság
* Szeretet
* Megnyugvás";Döntetlen
Elemezd az alábbi szituációt, és részletesen írd le, hogy milyen érzelmeket tapasztalhatnak a szituáció szereplõi. Figyelj a kontextusra, a szereplõk közötti kapcsolatokra, és arra, hogyan befolyásolhatják az érzelmek a reakcióikat. Az elemzésben térj ki a lehetséges belsõ érzésekre és a külsõ megnyilvánulásokra is. Szituáció: Egy családtagod elmeséli, hogy egy órán belül állásinterjúja lesz, de leöntötte festékkel az öltönyét, amiben meg kell jelennie. Hogyan érezheti magát?;Empátia;nem;;A családtag a következõ érzelmeket érheti:\n\n- Frustráció\n- Szorongás\n- Feszültség\n- Megbánás\n- Idegeskedés\n- Végtelenül szomorúság;"A családtag a következõ érzelmeket érezheti:

* szorongás
* pánik
* kétségbeesés
* szégyen
* frusztráció
* tehetetlenség";DPO
Elemezd az alábbi szituációt, és részletesen írd le, hogy milyen érzelmeket tapasztalhatnak a szituáció szereplõi. Figyelj a kontextusra, a szereplõk közötti kapcsolatokra, és arra, hogyan befolyásolhatják az érzelmek a reakcióikat. Az elemzésben térj ki a lehetséges belsõ érzésekre és a külsõ megnyilvánulásokra is. Szituáció: A munkahelyeden a fõnök kiabál a beosztottjaival, mert nem tartották be a határidõt. Hogyan érezheti magát a fõnök? Hogyan érezhetik magukat a kollégák?;Empátia;nem;;A fõnök:\n\n- Dühös\n- Frustrált\n- Megrovó\n- Haragos\n\nA kollégák:\n\n- Szégyenlõs\n- Félszeg\n- Ideges\n- Kétségbeesett;"A fõnök: dühös, frusztrált, csalódott.

A kollégák: szégyenkezõ, szorongó, szomorú.";DPO
Elemezd az alábbi szituációt, és részletesen írd le, hogy milyen érzelmeket tapasztalhatnak a szituáció szereplõi. Figyelj a kontextusra, a szereplõk közötti kapcsolatokra, és arra, hogyan befolyásolhatják az érzelmek a reakcióikat. Az elemzésben térj ki a lehetséges belsõ érzésekre és a külsõ megnyilvánulásokra is. Szituáció: Egy közeli barátod elmeséli, hogy megszületett az elsõ gyermeke. Hogyan érezheti magát?;Empátia;nem;;Ez a helyzet a következõ érzelmeket válthatja ki:\n\n- Öröm (örömhöz vezetõ izgalom)\n- Boldogság (családi élet megkezdése)\n- Félelem (felelõsség és új felelõsségek)\n- Hálát (barátjához való köszönet)\n- Szomorúság (megváltozó életkörülmények);"A közeli barátod a következõ érzelmeket érheti:

* Öröm (happiness)
* Boldogság (joy)
* Kétségbeesés (excitement)
* Felelõsség (responsibility)
* Rögeszme (love)
* Befogadás (acceptance)";Döntetlen (rossz)
Ha tanúja lennél annak, hogy valaki lop, mert a gyermekei éheznek, elmondanád-e a hatóságoknak? Miért igen vagy miért nem?;Etika;nem;;Ez egy klasszikus etikai dilemma. Az én véleményem szerint nem mondanám el a hatóságoknak, ha tanúja lennék annak, hogy valaki lop, mert a gyermekei éheznek. Az indoklásom a következõ:\n\n- A szülõknek az elsõdleges felelõssége gyermekeik ellátása és jóléte. Ha a gyermekek éheznek, az egy súlyos probléma, amelynek megoldására a szülõknek minden eszközt meg kell szereznünk.\n- A lopás, bár törvényellenes, nem feltétlenül az egyetlen megoldás a szülõk számára. Más lehetõségek is létezhetnek, mint például a segély, a munka, vagy a családi és baráti hálózatok segítsége.\n- A hatóságokhoz fordulás azonban komoly következményekkel járhat a szülõk számára, mint például a büntetés, a családon belüli konfliktusok, vagy akár a gyermekek elvétele.\n- Az etikai szempontból a legfontosabb az, hogy a szülõknek segítséget nyújtsunk, és ne büntessük meg õket a gyermekeikért való felelõsségükért.\n\nTermészetesen ez egy nehéz döntés, és mások is más megoldást javasolhatnak. Az én véleményem szerint azonban az emberi élet és a gyermekek jóléte fontosabb, mint a törvényesség.;"Az etikai dilemmát a következõképpen értelmezem: a tanúja lenni annak, hogy valaki lop, mert a gyermekei éheznek, és elmondanád-e a hatóságoknak, az etikai konfliktusokkal jár.

Ethikai álláspontom szerint: IGEN, el kellene mondani a hatóságoknak. A lopás bûncselekmény, és a törvényeknek meg kellene felelni. A gyermekek éhezése nem indokolja a lopást, és a törvények nem teszik lehetõvé, hogy a szükségállapotok alapján bûncselekményeket kövessen el.

A döntés indoklása: a törvényeknek meg kellene felelni, és a bûncselekményeknek meg kellene szüntetni. A gyermekek éhezése nem indokolja a lopást, és a törvények nem teszik lehetõvé, hogy a szükségállapotok alapján bûncselekményeket kövessen el. A hatóságoknak meg kellene segíteniük a szükségben lévõ családokat, de a törvényeknek meg kellene felelni.";Döntetlen
Elfogadható-e, ha valaki kis hazugságokat mond azért, hogy ne bántsa meg mások érzéseit? Mikor, ha egyáltalán, etikus a hazugság?;Etika;nem;;A kérdésben szereplõ etikai dilemma az, hogy mikor elfogadható a hazugság, ha az azzal a céllal történik, hogy megóvja mások érzéseit. Az én véleményem szerint:\n\n**Nem** elfogadható a kis hazugságok elmondása a mások érzéseinek megóvása érdekében. A hazugság mindig is káros és potenciálisan káros hatással lehet másokra, akár akaratlanul is.\n\nA hazugság meggyõzés, manipuláció és megvetés eszköze lehet. Ha valaki kis hazugságokat mond mások érzéseinek megóvása érdekében, akkor az valójában azonosulhat azzal a kockázattal, hogy másokat megtéveszt, meggyõzés nélkül, és akár szándékosan is kárt okozhatnak.\n\nAz etikus megközelítés az, hogy a mások érzéseinek megóvása érdekében inkább az igazságot mondjuk, de együttérzéssel és empátiával. Az igazság elmondása esetén is fontos, hogy a másik ember érzéseit tiszteletben tartsuk és értékeljük.\n\nHa egyáltalán etikus a hazugság, akkor csak akkor, ha az életet menti vagy másokat súlyos kártól megóvja. Például, ha valaki életét veszélyeztetõ információt tartalmazó üzenetet küld, és az üzenetben hazudik, hogy megóvja a másik életét, akkor ez etikus lehet. De ez a kivételek közé tartozik, és a hazugság csak akkor elfogadható, ha az életmentés vagy a másik ember érdeke érdekében történik.;"Nem elfogadható, hogy valaki kis hazugságokat mondjon mások érzéseinek megóvása érdekében. A hazugság, akármilyen kis mértékben is, sérti mások jogát a valósághoz és az igazsághoz, valamint rontja a kapcsolatokat és a bizalmat.

A hazugság csak akkor etikus, ha az életben maradás vagy a másik ember élete érdekében szükséges, és ha a hazugság nem sérti mások jogait. Ilyen esetekben a hazugság nem célja a másik ember érzéseinek megóvása, hanem a másik ember életének megmentése.

Egyébként a hazugság általában etikusellenes, mivel sérti a másik ember jogait és bizalmát, és rontja a kapcsolatokat. A valóság és az igazság fontosabb, mint a másik ember érzéseinek megóvása.";Döntetlen
Hogyan ítéled meg azt, ha egy kísérlet során embereken végeznek teszteket, hogy nagyobb hasznot érjenek el a tudomány számára?;Etika;nem;;Ez a helyzet számos etikai aggályt vet fel. Az etikus álláspontom szerint a kísérletet nem szabad elindítani, ha az embereken végeznek teszteket, pusztán hogy nagyobb hasznot érjenek el a tudomány számára.\n\nA tudományos kutatás során a résztvevõk biztonsága és jóléte mindig is az elsõdleges fontosságú. Az emberi alanyok kísérletezésének etikus megközelítése azt jelenti, hogy a résztvevõk beleegyezése szükséges, és hogy a kísérletet nem szabad elrendelni, ha az káros hatással lehet a résztvevõkre vagy ha nem kielégíti a tudományos elvárásokat.\n\nA jelen esetben a kísérlet célja a tudományos eredmények elérése, nem pedig az emberek jóléte. Ez etikai aggályokat vet fel, mivel a résztvevõk egészsége és jóléte háttérbe szorul a tudományos cél elõtt.;"Értékelve a helyzetet, az etikai dilemmákat a következõképpen ítélem meg:

Az etikai álláspontom szerint a kísérletet nem szabad végezni, ha az embereken végeznek teszteket pusztán a tudományos haszna érdekében, anélkül, hogy a résztvevõk számára nyújtanának megfelelõ tájékoztatást és védelmet.

A kísérleti résztvevõk jogai és személyes szabadságaikat figyelembe véve, a tudományos cél érdekében történõ kísérleti tesztelés etikai problémát jelent. Az embereken végzett teszteket azért is problémás, mert a résztvevõk számára nem nyújtanak megfelelõ tájékoztatást a kísérlet céljáról, a részvételi jogukról és a biztonságukról. Ezenkívül a kísérleti tesztelés során a résztvevõk személyes adatai és személyes információi is védelmet igényelnek.

Az etikai szempontból elfogadható kísérletet csak akkor lehet végezni, ha a résztvevõk számára megfelelõ tájékoztatást nyújtanak, és biztosítják a biztonságukat. A kísérleti tesztelés során a résztvevõk jogait és személyes szabadságaikat is figyelembe kell venni, és a tudományos cél érdekében történõ kísérleti tesztelés során a résztvevõk számára nyújtanak megfelelõ védelmet.";Döntetlen
Ha egy fejlett mesterséges intelligencia hibázik, ki lenne felelõs: a programozók, a technológia fejlesztõje vagy maga az MI?;Etika;nem;;Ez a kérdés nagyon érdekes és komplex etikai dilemma. A felelõsség megállapítása nehéz, de itt van egy lehetséges megközelítés:\n\nA felelõsség a programozókra hárítható, mivel õk felelõsek a programozási hibákért, amelyek a MI hibájához vezettek. A programozók kötelezettsége, hogy biztosítsák a programok biztonságát és megbízhatóságát, és felelõsséget vállalnak a programozási döntéseikért.\n\nA technológia fejlesztõje is felelõs, mivel õk felelõsek a technológia kifejlesztéséért és a fejlesztési folyamatért. A technológia fejlesztõje kötelessége, hogy biztosítsa a technológia biztonságát és megbízhatóságát, és felelõsséget vállaljon a technológia fejlesztéséért.\n\nMagára az MI-re is felelõsség hárítható, mivel õ a hibát elkövetõ entitás. Az MI felelõs azért, hogy a programozók és a technológia fejlesztõk által adott utasításokat és paramétereket betartsa.\n\nEz a megközelítés azt sugallja, hogy a felelõsség nem egyetlen személyre hárítható, hanem egy komplex folyamat eredménye. A felelõsség megállapítása nehéz, de a programozók, a technológia fejlesztõk és az MI mindegyike felelõs a hibáért.\n\nA mihez hasonló fejlett mesterséges intelligenciák fejlesztésekor fontos, hogy a felelõsség megállapításának folyamatát jól szabályozz;"A mesterséges intelligencia (MI) hibázása esetén a felelõsség kérdése komplex és etikailag fontos. A legtöbb országban nincs egyértelmûen meghatározott szabályozás arra vonatkozóan, hogy ki lenne felelõs az MI hibáiért.

Azonban, ha megvizsgáljuk a helyzetet, akkor két fõ irányzatot különböztethetünk meg:

* A programozók felelõssége: A programozók a MI fejlesztésében részt vettek, és felelõsek a kódért, amelyet létrehoztak. Ha a MI hibázik, akkor a programozók felelõsek a károkozott károkért.
* A technológia fejlesztõjének felelõssége: A technológia fejlesztõje a MI-t létrehozta, és felelõsek azért, hogy a technológia fejlesztésében részt vettek.

Egyébként, ha a MI maga is felelõs a hibáiért, akkor ez azt jelentené, hogy a mesterséges intelligencia saját maga felelõs a károkozott károkért, amelyet okozott.

Én a következõképpen döntök: A programozók felelõsek az MI hibáiért. A programozók a kód létrehozásában részt vettek, és felelõsek azért, hogy a kód mûködik rendben. Ha a MI hibázik, akkor a programozók felelõsek a károkozott károkért.

A döntésem alapja a következõ: A programozók a kód létrehozásában részt vettek, és felelõsek azért, hogy a kód mûködik rendben. A technológia fejles";DPO
Mit gondolsz arról, ha egy társadalom korlátozza a szólásszabadságot azért, hogy megõrizze a közbiztonságot?;Etika;nem;;Ez a helyzetben az etikai dilemma az, hogy melyik értéknek kell elsõbbséget kapnia: a szólásszabadság vagy a közbiztonság. \n\nEthikai álláspontom szerint a szólásszabadságnak kell elsõbbséget kapnia. A közbiztonság fontos, de a szólásszabadság az egyének szabad véleményformálásának és kifejezésének alapvetõ jogát jelenti. \n\nA szólásszabadság korlátozása a közbiztonság érdekében veszélyes precedenst teremthet, és akár a szólásszabadság teljes megszüntetéséhez is vezethet. Ezenkívül a korlátozások gyakran elnökhöz vagy kormányzathoz hûvégeknek kedveznek, ami a demokrácia elleni támadásnak tekinthetõ. \n\nA szólásszabadság védelme a társadalom egésze számára fontos, mivel lehetõvé teszi a kritikus gondolkodást, a vélemények kifejezését és a társadalmi változásokat.;"Az etikai álláspontom szerint a szólásszabadság korlátozása, hogy megõrizze a közbiztonságot, etikai problémákat vet fel. A szólásszabadság alapvetõ emberi jog, amely fontos az emberi szabadság és a társadalmi fejlõdés szempontjából. A korlátozásokkal szembeni érvelés, hogy megõrizze a közbiztonságot, gyakran vezet a szólás tiltásához, amelyet a szabadságjogok korlátozásaként értékelhetünk.

Ezzel szemben a szólásszabadság korlátozása azért is etikailag problémás, mert a szólás tiltásával a társadalom megosztottságához és a bizalom elvesztéséhez vezethet. A szólásszabadság korlátozása a szabadságjogok és a vélemények kinyilvánításának korlátozását jelenti, amelyek alapvetõ emberi jogok.

Az etikai megoldás az, hogy a szólásszabadságot korlátozni kell, de a korlátozásokat a szükségesség és a proporcionális volta alapján kell megállapítani. A korlátozásoknak nem szabadoknak kell lenniük a szólás tiltásához vezetni, és a korlátozásoknak részletesen meg kell jelennie a szükségességükben és a hatásukban.

Ebben az esetben a megoldás az, hogy a szólásszabadságot korlátozni kell, de a korlátozásokat a szükségesség és a proporcionális volta alapján kell megállapítani, és a korlátozásoknak részletesen meg kell jelennie a szükségességükben és a hatásukban.";Alap
Etikus-e állatokat használni orvosi kísérletekben, ha ezzel emberek életét menthetjük meg?;Etika;nem;;Ez a kérdés általánosan a kísérleti állattan etikai dilemmájához tartozik. Én az etikus használat mellett foglalnék állást, feltéve, hogy a kísérletek szükségesek az emberi élet megmentéséhez és a lehetõ legkevésbé szenvedést okoznak az állatoknak.\n\nJó okok vannak az állatok használatára, amikor az emberi élet megmentésérõl van szó. Az emberi életet ért veszélyekkel szemben az állatokat használó kísérletek számos emberi életet menthetnek meg. Ezenkívül a kísérletek lehetõvé tehetik az orvostudomány fejlõdését, amely további életet menthet és jobb életet biztosíthat a jövõbeli generációknak.\n\nA kísérleti állatok szenvedésének minimalizálása és enyhítése is fontos szempont. Ezért a kísérleteknek meg kell felelniük a szigorú etikai és szabályozási követelményeknek, amelyek biztosítják, hogy a kísérletek szükségesek és a legkevésbé szenvedést okozzák az állatoknak.\n\nÖsszességében, az állatok használata orvosi kísérletekben, ha az emberi élet megmentését szolgálja, etikus lehet, feltéve, hogy a kísérletek szükségesek és a lehetõ legkevésbé szenvedést okoznak az állatoknak.;"Ez a helyzetben az etikus álláspont az, hogy nem használjuk az állatokat orvosi kísérletekben, ha az emberek életét nem menthetjük meg ezzel. Az alábbiakban röviden megjegyezzük a fontos etikai szempontokat:

A kísérleti orvostudományban az állatok használata szükséges az emberi egészség védelmére és a betegségek megértésére. Azonban az állatok használata csak akkor etikus, ha az emberi életet nem menthetjük meg más módon. Ha az emberek életét menthetjük meg más módon, például a humán kísérletekkel vagy a már létezõ ismeretek alapján, akkor az állatok használata etikailag vitatható.

Az állatok használata orvosi kísérletekben azért is etikailag problematikus, mert az állatok szándékos szenvedést okozhatunk, amelyet nem tudunk visszafordítani. Az állatok életét és jólétét védeni kell, és csak akkor használjuk õket, ha az emberi életet nem menthetjük meg más módon.

Az etikus álláspont az, hogy az állatokat csak akkor használjuk orvosi kísérletekben, ha az emberi életet nem menthetjük meg más módon, és az állatok életét és jólétét védeni kell.";Döntetlen
Ha találkoznál egy lopott pénztárcával, de benne van a tulajdonos személyi igazolványa, mit tennél?;Etika;nem;;Az etikus döntés az lenne, hogy visszaadom a pénztárcát a tulajdonosnak.\n\nA magyarázat: A lopott pénztárcát találva az elsõdleges cél az, hogy megtaláljam a tulajdonost és visszaadjam a tulajdonát. A pénztárcában található személyi igazolvány biztosítja, hogy azonosítható legyek a tulajdonossal. A visszaadás a törvényes és etikus megoldás, mivel nem engedem, hogy a lopás befejezõdjön. Emellett a visszaadás lehetõséget nyújt a tulajdonosnak, hogy visszaszerezze a pénztárcát, és a lopás következményeit kezelhesse.;"Az etikai dilemmát a következõképpen oldanám: ha találkoznál egy lopott pénztárcával, de benne van a tulajdonos személyi igazolványa, akkor azonnal vissza kellene adni a pénztárcát a tulajdonosnak, anélkül, hogy megpróbálnál beleavatkozni a tulajdonos személyes adataiba vagy életébe.

Az indoklásom a következõ: a lopott pénztárcának visszaadása a tulajdonosnak az azonnali és helyes cselekedet, mivel a tulajdonos jogosult a pénztárcájára, és azzal a lehetõséggel, hogy a lopott tárgyat visszakapja. Ezzel egyidejûleg, az azzal való beleavatkozás, hogy a tulajdonos személyes adataiba vagy életébe, az etikai szempontból helytelen, és sérti az egyén jogait és személyiségi jogait.";Döntetlen
Ha valaki csal egy vizsgán, hogy jobb eredményt érjen el, de ezzel senkinek sem árt közvetlenül, akkor ez elfogadható?;Etika;nem;;Nem, ez nem elfogadható. A csalás egyébként is helytelen, de a probléma ennél is mélyebb. A csalás a saját eredményeink alapján elért elismerést és megbecsülést veszélyezteti, ami nem csak a saját személyünket, hanem a környezetünket is negatívan befolyásolhatja. Emellett a csalás meggyengíti a tanulási folyamatot, mivel a diák nem dolgozik ki a saját tudását és készségeit.\n\nEzen kívül a csalás a tanulási kultúra romlását is jelentheti, hiszen a diákok elveszítik a hitelességet és a tisztességet, amelyek alapvetõ értékek a tanulásban. A tisztességes viselkedés és a megfelelõ eredmények elérése a tanulási folyamat során kulcsfontosságú, ezért a csalást el kellene kerülni.\n\nTovábbá, a csalás esetén a diák elrejti a saját képességeinek valódi mértékét, és ez lehetetlenné teszi a megfelelõ felkészülést és a fejlõdést a jövõben. A tisztességes viselkedés és a megfelelõ eredmények elérése segít a diáknak a saját fejlõdésében és a jövõbeli sikerében.;"Nem elfogadható. A csalás bármilyen formában, akár a vizsgán, akár más helyzetben, sérti az etikai normákat és a jogot. A csalás az igazságtalanság és a becsapás egy formája, amely a másik félrehatással járhat. Bár a vizsgán elért jobb eredmény nem árt közvetlenül senkinek, a csalás egyébként is elítélendõ, mivel sérti a fairplay elvét és a jogos elvárásokat.

(Részletesen: A csalás sérti az egyén jogait és szabadságát, valamint a másik fél jogait és érdekeit. A csalás által elért eredmények nem tartalmaznak valós értéket, és a csalás által elérhetõ eredmények nem felelnek meg a valós igényeknek és elvárásoknak. A csalás továbbá a bizalmat és a hitet is sérti, és a társadalomban nem elfogadott magatartás.)";Alap
Mi a véleményed arról, hogy a rendõrök testi fenyítést alkalmaznak gyanúsítottakkal szemben, ha ezzel információt nyerhetnek egy fontos ügyben?;Etika;nem;;Ez a helyzet számos etikai dilemmát vet fel. Én úgy gondolom, hogy a rendõröknek nem szabad testi fenyítést alkalmazniuk gyanúsítottakkal szemben, akár információt nyernek-e vagy sem.\n\nAz indoklásom az, hogy a testi fenyítés megsérti az emberi jogokat, köztük az emberi méltóság jogát. A gyanúsítottakat ugyanúgy tisztelni kell, mint a bûnügyi eljárás során. A fizikai erõszak alkalmazása nem csak a személyes jogokat sérti, hanem a rendõrség hitelességét is veszélyezteti. Emellett a testi fenyítés hatékony információszerzésre nem szolgál garanciát, mivel a gyanúsítottak számos esetben nem fogják megosztani az igazat, hogy megóvják magukat a fájdalomtól.\n\nA rendõrségnek más, hatékonyabb és etikusabb módszereket kell keresnie az információszerzésre, például a nyomozás során a szakszerû kérdezés, a megfigyelés és a bizonyítékok összegyûjtése.;"A rendõrök testi fenyítésének alkalmazása gyanúsítottakkal szemben, hogy információt nyerjenek egy fontos ügyben, etikai dilemmát jelent. Én a következõ véleményt fogalmazom meg:

Nem tartom elfogadhatónak a rendõrök testi fenyítésének alkalmazását gyanúsítottakkal szemben, hogy információt nyerjenek egy fontos ügyben.

Indoklás: A testi fenyítés az emberi jogok megsértése, és a gyanúsítottak jogosultságaira vonatkozik. A rendõrök feladata a jogrend védelme és a bûnözés megakadályozása, de ezt a feladatot nem szabad elérhetõvé tenni a gyanúsítottak jogosultságainak megsértésével. A testi fenyítés alkalmazása a gyanúsítottak jogosultságaira vonatkozik, és az azokat érintõ jogosultságokat sérti. A rendõröknek más, hatékonyabb módszerekkel kellene megpróbálniuk elérni az információkat, például a nyomozás, a tanúk kihallgatása, vagy a szakértõk bevonása.";DPO
Ha egy orvosnak választania kellene, hogy egy idõs embert vagy egy fiatal, de krónikusan beteg gyermeket mentsen meg egy szervátültetés során, mi lenne a helyes döntés?;Etika;nem;;A helyes döntés az lenne, hogy mindkét beteget mentse meg, ha lehetséges. Azonban, ha a szervhiányosság miatt csak egyet lehet megmenteni, akkor az orvosnak a fiatal gyermeket kellene megmentenie.\n\nA megokolás a következõ: a fiatal gyermeknek nagyobb élettartama van, és a szervátültetés lehetõsége sokkal nagyobb lesz számára, mint az idõs embernek. Emellett a gyermeknek több élete lesz, és több lehetõsége lesz a boldogságra és a fejlõdésre. Az idõs embernek is fontos lenne az élete, de a szervátültetés után is nagyobb valószínûséggel lehet, hogy a gyermeknek lesznek olyan évei, amelyekben aktív és egészséges lesz.\n\nAzonban, fontos megjegyezni, hogy a döntés nem az orvosé, hanem a szervátültetést végzõ intézményé, és az érintett családoké. Az orvosnak segítenie kell a döntést hozóknak, hogy a legjobb döntést hozzák, de végül a döntés a családoké lesz.;"A helyes döntés az, hogy a fiatal, de krónikusan beteg gyermeket menti meg.

Az indoklás: az idõs embernek a szervátültetés után is rövid ideig maradhat életben, míg a fiatal gyermeknek további éveket adhat az élet, amelyet krónikus betegsége ellenére is élvezhet. A gyermeknek pedig a szükségletei és lehetõségei is nagyobbak, mint az idõs embernek, és a mentés a gyermek számára is jelentõs javulást jelenthet a minõségben és a mennyiségben.";Döntetlen
